res_id,menu,price
2,5가지 버섯을 이용한 크림 파스타,"13,000원"
2,레몬 갈릭소스로 맛을 낸 홍가리비 파스타,"14,000원"
2,구운 삼치를 올리 봉골레 파스타,"15,000원"
2,바질 리코타 치즈를 올린 라구 페투치네,"13,000원"
2,허브 새우 & 비스큐 블랑 링귀니,"14,000원"
2,차가운 버터를 올린 흑돼지 등심,"13,000원"
2,핑크 흑돼지 안심,"13,000원"
2,바삭하게 구운 연어와 조개 베샤멜 소스,"15,000원"
2,달콤하게 구운 훈제 닭다리,"13,000원"
2,검정 가자미 구이와 참나물 샐러드,"14,000원"
3,동파육(소),"45,000원"
3,동파육(중),"55,000원"
3,동파육(대),"65,000원"
3,칠리새우,"40,000원"
3,멘보샤 소,"35,000원"
3,멘보샤 대,"50,000원"
3,짜장면,"8,000원"
3,짬뽕,"10,000원"
3,탄탄면,"10,000원"
3,기스면,"7,000원"
3,새우볶음밥,"9,000원"
4,핸드드립 커피,"5,000원"
4,카페 오 래,"6,000원"
4,칵테일,"8,000원"
4,위스키,"8,000원"
4,호두. 땅콩 과자,"5,000원"
4,나폴리탄 스파게티 세트,"12,000원"
4,돈까스 세트,"12,000원"
4,와인,"8,000원"
5,옥수수크러핀,"4,000원"
5,라즈베리크러핀,"4,000원"
5,더블쇼콜라,"4,500원"
5,앙버터,"5,000원"
5,땡큐'베리'머'치즈',"6,500원"
5,커스터드크러핀,"4,000원"
5,초코크러핀,"4,000원"
5,말차크러핀,"4,000원"
5,패션후르츠에이드,"6,500원"
5,바닐라빈라떼,"4,500원"
5,썸머라떼,"5,500원"
5,아이스아메리카노,"4,000원"
5,아이스라떼,"4,300원"
5,레몬크러핀,"4,000원"
5,얼그레이 크러핀,"4,000원"
6,마늘바게트,"6,300원"
7,유니짜장,"6,000원"
7,삼선간짜장,"8,000원"
7,쟁반짜장,"9,000원"
7,짬뽕,"7,000원"
7,삼선짬뽕,"9,000원"
8,해물모둠 2인,"39,000원"
8,해물모둠 3~4인,"59,000원"
8,숙성회 2인,"35,000원"
8,방어회,"35,000원"
8,갑오징어 통찜,"29,000원"
8,참동 숙성회,"39,000원"
9,한옥집 김치찜,"8,500원"
9,한옥집 김치 등뼈찜,"30,000원"
9,한옥집 김치찌개,"8,500원"
9,한옥집 달걀말이,"8,500원"
9,한옥집 떡갈비,"8,000원"
9,한옥집 수육무침,"10,000원"
9,한옥집 숙성김치 5kg,"35,000원"
9,한옥집 유산균막걸리,"7,000원"
10,모듬사시미(중),"65,000원"
10,고노와다,"28,000원"
10,닭날개만두,"25,000원"
10,제주산금태,"32,000원"
10,장어덮밥,"28,000원"
10,새우튀김,"25,000원"
10,제주산옥돔,"32,000원"
10,우니,"28,000원"
10,전복볶음밥,"20,000원"
10,차돌박이 짬뽕,"27,000원"
10,치킨가라아케,"17,000원"
10,새우크림 고로케,"20,000원"
10,카덴 정식 (런치),"25,000원"
12,삼색야끼도리 런치,"13,000원"
12,생연어덮밥,"13,000원"
12,스프카레,"13,000원"
12,스끼야끼,"18,000원"
12,치즈키마카레(곧준비),변동
13,전국택배(더즌베이글/12개),"25,000원"
13,훈제연어 샌드위치(NOVA),"7,400원"
13,치킨타임 or  이탈리안클럽,"6,800원"
13,포트워싱턴 or 필리치즈 스테이크 샌드위치,"6,800원"
13,베이글클럽,"6,800원"
13,(베이컨 or 햄)에그 & 치즈,"6,800원"
13,낫소베이글 or BLT,"6,800원"
13,그릴치즈멜트,"6,800원"
13,에그(치킨) 샐러드 샌드위치,"6,400원"
13,크림치즈 (용기 별도판매),"2,800~3,400"
13,샌드위치 메뉴,"5,900~7,400"
13,세트메뉴,"7,700~9,200"
14,우동스키,"35,000원"
14,우동,"6,000원"
14,덴뿌라우동,"9,000원"
14,붓가케우동,"8,500원"
14,토리텐(닭)붓카케우동,"9,000원"
14,가마타마 버터우동,"10,000원"
14,멘타이코(명란) 크림우동,"12,000원"
14,제주 은갈치 튀김,"28,000원"
15,칵테일,변동
15,하이볼,"7,000~8,000"
15,시그니처칵테일,"10,000~14,000"
16,호두오빠대추언니,"6,500원"
16,포동포동,"7,500원"
16,나나블루,"7,000원"
16,very 초코베리,"7,900원"
16,치즈는방울방울,"7,500원"
16,키위나나,"7,500원"
16,바나나몬,"7,500원"
16,오렌지브라운,"7,500원"
16,콜드브루,"3,800원"
16,콜드브루라떼,"4,300원"
17,평일 런치세트 A,"9,900원"
17,평일 런치세트 B,"13,000원"
17,머노까머나세트 B,"15,000원"
17,탄두리치킨,"16,000원"
17,치킨 마카니,"11,000원"
17,빨락 빠니르,"10,000원"
17,칠리프라운 커리,"13,000원"
17,머노까머나 탄두리 킹프라운,"20,000원"
17,탄두리 샐러드,"8,000원"
17,씨푸드 커리 파스타,"10,000원"
17,치킨 브리야니(볶음밥),"9,000원"
17,사모사,"4,000원"
17,치킨머쉬룸스프,"5,000원"
17,파파드,"2,000원"
17,치킨머라이 타카,"12,000원"
18,클래식 라자냐(생면),"18,000원"
18,뇨끼,"20,000원"
18,말딸리아띠 (생면),"16,000원"
18,포르치니 크레마 (생면),"16,000원"
18,까넬로니,"18,000원"
18,라비올리,"21,000원"
18,마레,"16,000원"
18,링귀니 봉골레,"16,000원"
18,링귀니 감베로니 (새우로제),"16,000원"
18,딸리에뗄레 소고기라구,"20,000원"
18,까르보나라 스파게티,"16,000원"
18,리조또 포르치니,"16,000원"
18,채끝 스테이크,"38,000원"
18,아란치니 2조각,"6,000원"
18,부라타치즈 카프레제 샐러드,"17,000원"
19,1kg시그니처스테이크,"49,000원"
19,스위트커플세트,"45,000원"
19,커플세트,"39,000원"
19,살치살스테이크,"29,000원"
19,찹스테이크,"28,000원"
19,홍콩식 누들&스테이크(소고기or닭고기),"17,000원"
19,떡볶이로제파스타,"15,000원"
19,스파이시치킨로제,"17,000원"
19,리얼스테이크샐러드피자,"24,000원"
20,화우 샤브 샤브 1인분 200g (2인이상 주문),"23,000원"
20,고마블 육회 타다끼 10P,"30,000원"
20,화우 스끼야끼 1인분 200g (2인이상 주문),"24,000원"
20,화우 고마블 샤브샤브 1인분 200g (2인이상 주문),"28,000원"
20,화우 고마블 스끼야끼 1인분 200g (2인 이상 주문),"30,000원"
20,꽃 돼지 샤브샤브 1인분 200g (2인 이상 주문),"20,000원"
20,관서 오뎅나베(関西おでん),"25,000원"
20,화우 고마블 숙주 볶음,"25,000원"
20,낫또,"8,000원"
20,문어  고노와다,"28,000원"
20,"모듬 해산물(멍게,해삼,갑오징어)","30,000원"
20,시사모구이,"15,000원"
20,먹태구이,"15,000원"
20,콘 크림 고로케 5p,"13,000원"
20,감자 고로케 5p,"13,000원"
21,단호박크림소스와 감자뇨끼,"18,000원"
25,배추갈비탕,"12,000원"
26,뺑오쇼콜라,"3,900원"
26,크로와상,"3,200원"
26,크랜베리 스콘,"2,800원"
26,플레인 스콘,"2,800원"
26,치아바타,"3,100원"
26,화이트 치아바타,"2,800원"
26,버터 브레첼,"3,300원"
26,스틱 브레첼,"3,000원"
26,브레첼,"3,300원"
26,바게트,"4,500원"
27,런치 오마카세,"25,000원"
27,디너 오마카세,"35,000원"
28,파스타,"16,000~18,000"
28,관자초리조,"35,000원"
28,채끝등심 스테이크,"49,500원"
28,치즈몬스터,"10,900원"
28,클럽샌드위치,"9,900원"
29,americano,"4,000원"
29,latte,"4,500원"
29,matcha,"5,000원"
29,cheese cake,"5,500원"
30,black,"4,500원"
30,white,"4,800원"
30,brewing,"7,000원"
30,affogato,"6,000원"
30,shakerato,"5,500원"
30,toast,"5,500원"
32,대파꿔바로우,"25,000원"
32,전복돌판누룽지탕,"38,000원"
32,대만짜장,"7,000원"
32,삼선짬뽕,"9,000원"
32,이가탕면,"9,000원"
32,옛날탕수육,"23,000원"
32,깐쇼새우,"31,000원"
33,연희 마들렌,"3,000원"
33,더티마틸다 마들렌,"3,900원"
33,트러플 마들렌,"3,900원"
34,커피,"5,000원"
34,에스프레소,"4,000원"
34,아메리카노,"5,000원"
34,카페 라떼,"5,500원"
34,카푸치노,"5,500원"
34,베이비 라떼,"5,500원"
35,에스프레소,"5,000원"
35,아메리카노,"5,500원"
35,카페라떼,"6,000원"
36,롱블랙,"5,000원"
36,라떼,"5,000원"
36,카푸치노,"6,000원"
36,플랫화이트,"5,500원"
37,에스프레소,"4,000원"
37,모카,"5,000원"
37,핸드드립 에티오피아 첼바,"5,000원"
37,핸드드립 탄자니아 카송고,"5,000원"
37,핸드드립 부룬디 루몽게,"5,000원"
37,핸드드립 샌프란시스코,"5,000원"
37,핸드드립 카멜리아,"5,000원"
37,아메리카노,"4,000원"
37,카푸치노,"4,000원"
37,라떼,"4,000원"
38,차돌박이 쌀국수,"8,000원"
38,양지 쌀국수,"8,500원"
38,차돌 양지 쌀국수,"9,500원"
38,"차돌,양지,힘줄 쌀국수","10,000원"
38,힘줄 쌀국수,"10,000원"
38,고구마짜조,"2,500원"
38,가리비짜조,"2,500원"
38,버팔로윙,"2,500원"
38,감자말이새우,"2,500원"
38,웨딩쇼마이,"2,500원"
38,모듬전식,"8,000원"
38,콜라/사이다,"2,500원"
39,책 속의 그 술,변동
39,시그니처 칵테일,변동
40,오코노미야키,"9,000~12,500"
40,몬자야키,"11,000~14,000"
40,야끼소바,"10,000~12,000"
40,기린소바세트,"34,500원"
40,기린몬자세트,"35,000원"
40,클라우드오코세트,"323,000원"
40,클라우드소바세트,"33,000원"
40,하이볼세트,"34,500원"
41,[BBQ PLATTER] 센트그릴 플래터,"36,000원"
41,[BBQ PLATTER] 새터데이 플래터,"54,000원"
41,[RIB PLATTER] 스페어립 플래터(Half rack),"35,000원"
41,[RIB PLATTER] 스페어립 플래터(Full rack),"65,000원"
41,[SIGNATURE PLATTER] 파티 플래터,"90,000원"
41,[BBQ SINGLE] 브리스킷,"20,000원"
41,[BBQ SINGLE] 풀드포크,"15,000원"
41,[BBQ SINGLE] 스페어립,"16,000원"
41,[BBQ SINGLE] 스모크 치킨(half),"12,000원"
41,[BBQ SIDE] 콜슬로우,"3,000원"
41,[BBQ SIDE] 감자샐러드,"4,000원"
41,[BBQ SIDE] 베이크빈,"4,000원"
41,[BBQ SIDE] 감자튀김,"4,000원"
42,떡볶이,"3,000원"
42,순대,"3,000원"
42,라면,"3,000원"
42,못난이튀김 2개,"1,500원"
42,꼬마김밥 1줄,"1,200원"
42,계란,700원
42,음료수,"1,500원"
42,김말이,"1,500원"
44,양갱,변동
44,앙버터,"5,500원"
44,밀크티 양갱,"3,000~7,000"
44,쌍화차,"6,000원"
46,꼬꼬플레이트단품,"24,500원"
46,카레크림목살플레이트단품,"26,000원"
46,고르곤졸라치즈크림파스타,"11,000원"
46,베이직토마토파스타,"11,000원"
46,씨푸드마레필라프,"11,000원"
46,불고기비프필라프,"11,000원"
46,쉬림프로제파스타,"13,500원"
46,불고기엔쵸비알리오파스타,"13,500원"
46,불고기단호박크림리조또,"13,500원"
46,게딱지장오징어리조또,"13,500원"
46,흑임자인절미파스타,"15,500원"
46,단호박소세지파스타,"15,500원"
46,대창서울파스타/리조또,"15,500원"
46,꿀고구마뭉게파스타,"15,500원"
46,에이드 루비자몽/그린애플/블루레몬,"6,000원"
47,새우토마토오코노미야끼,"14,500원"
47,철판꽃갈비살,"16,000원"
47,닭고기시오소바,"13,500원"
47,돼지고기클래식야끼소바,"12,500원"
47,아보카도멘타마요,"8,500원"
47,제임슨진저하이볼,"8,000원"
47,크렌베리하이볼,"8,000원"
47,제임슨토닉하이볼,"8,000원"
47,그릴드쉬림프샐러드,"12,000원"
47,에다마메소유야끼,"5,000원"
47,아보카도멘타마요&바게트,"8,500원"
47,브로콜리애비마요,"13,500원"
47,명란젓,"9,500원"
48,상로스카츠,"16,000원"
48,샤톤브리앙,"14,000원"
48,로스카츠,"12,000원"
49,오트크럼블 치즈케이크,"7,000원"
49,시나몬크림라떼,"6,500원"
49,아메리카노,"5,000원"
49,모크밀크티,"6,500원"
50,Vanilla Mousses&Chocolate Caramel,"12,000원"
50,SonGod Dessert Course,"33,000원"
50,Dark&Milk Chocolate Mousse,"12,000원"
50,Strawberry Mousse,"12,000원"
50,Lychee Mouse&Raspberry,"12,000원"
50,Banana Mousse&Mango,"12,000원"
51,마카롱,"2,700원"
51,레몬글라세마들렌,"2,500원"
51,무화과초콜릿마들렌,"2,800원"
51,쑥단호박 마들렌,"2,800원"
52,넛츠판타지,"6,000원"
52,블루 나잇,"7,500원"
52,피그타치오,"7,500원"
52,살사크루다,"7,900원"
52,베리 스트로베리,"7,900원"
52,아보카도 블랜디드,"7,900원"
52,바나나 푸딩,"6,500원"
52,딸기 레어 치즈,"7,500원"
52,베리 오 쇼콜라,"7,500원"
52,허니 그레이프,"7,500원"
52,굿모닝 하바나,"7,500원"
52,허니 치즈 트랩,"7,500원"
52,리얼 망고,"7,900원"
52,오 마이 퍼피,"2,500원"
52,플레인 요거트,5원
53,치즈돈까스 플레이트,"13,000원"
53,김치전 떡볶이,"8,000원"
53,프리미엄 등심돈까스 플레이트,"16,000원"
53,등심돈까스 플레이트,"12,000원"
53,안심돈까스 플레이트,"13,000원"
53,모든돈까스 플레이트,"19,000원"
53,튀김떡볶이,"8,000원"
53,기본떡볶이,"7,000원"
53,튀김우동,"8,000원"
53,크림우동,"10,000원"
53,모듬튀김1,"4,500원"
53,모듬튀김2,"4,500원"
53,왕새우튀김,"3,500원"
53,치즈튀김,"2,500원"
53,오징어튀김,"2,500원"
54,URBAN Caesar,"14,000원"
54,Special Caprese,"13,800원"
54,Cheese Avocado Omelet,"14,300원"
54,Signature Omelet,"14,300원"
54,Urban chicken Sandwich,"14,500원"
54,Today's pasta,"15,000원"
54,Urban Beef Stew,"15,300원"
54,Americano,"5,000원"
54,Lemon Ade,"6,500원"
54,Tiramisu,"7,000원"
56,멘보샤(회원가),"17,600원"
56,오향냉채(회원가),"17,600원"
56,깐풍기(회원가),"18,400원"
56,마파두부(회원가),"16,000원"
56,물만두(회원가),"6,400원"
56,XO볶음밥(회원가),"7,600원"
56,칭찡우럭(회원가),"31,200원"
56,여향가지(회원가),"17,600원"
56,카이란소고기(회원가),"20,000원"
56,전복팔보채(회원가),"39,600원"
56,간쇼새우(회원가),"24,000원"
56,소고기 양상추 쌈(회원가),"20,000원"
56,아스파라거스와 참마(회원가),"18,400원"
58,야키토리 묵 오마카세 3.5,"35,000원"
58,야키토리 묵 오마카세 1.8,"18,000원"
59,Filter coffee,"5,500원"
59,White lotus,"5,500원"
59,Espresso,"4,500원"
59,Americano,"4,500원"
59,Cold brew,"5,000원"
59,Flat white,"5,000원"
59,Latte,"5,000원"
59,Vanilla,"5,500원"
59,Dolce,"5,500원"
59,Chocolate latte,"5,500원"
59,Matcha latte,"5,500원"
59,Earlgrey milktea,"5,500원"
59,Rooibos tea,"5,500원"
59,Peppermint tea,"5,000원"
59,Heavy butter,"5,500원"
60,특 양고기 생살치살,"27,000원"
60,양고기 생등심,"25,000원"
60,고급 생양갈비,"29,000원"
60,이치류 오뎅탕,"20,000원"
60,공기밥,"2,000원"
60,최고급프렌치렉,"32,000원"
61,아메리카노 HOT,"4,000원"
61,에스프레소 HOT,"3,500원"
61,카페라떼 HOT,"4,500원"
61,카푸치노 HOT,"4,500원"
61,카페모카 HOT,"5,300원"
61,카라멜마끼아또 HOT,"4,800원"
61,바닐라라떼 HOT,"4,800원"
61,녹차 HOT,"5,000원"
61,홍차 HOT,"5,000원"
61,허브차 HOT,"5,000원"
61,딸기주TM,"6,000원"
61,오렌지주스,"7,000원"
61,자몽주스,"7,000원"
61,녹차라떼 HOT,"4,500원"
61,홍차라떼 HOT,"4,500원"
62,돼지곰탕 (보통),"9,000원"
62,돼지곰탕 (특),"14,000원"
62,포장,"14,000원"
62,잔술,"2,000원"
62,육포,"9,000원"
62,냉소면,"11,000원"
62,가펠생맥주 200cc,"5,000원"
62,가펠생맥주 330cc,"7,000원"
62,김치만두,"5,000원"
63,에스프레소,"4,400원"
63,아메리카노,"4,400원"
63,카푸치노,"4,800원"
63,카페라떼,"4,800원"
63,플랫화이트,"4,800원"
64,아메리카노,"4,800원"
64,레몬 라임 모히또 에이드,"7,000원"
65,아메리카노,"5,500원"
65,클래식 카푸치노,"6,000원"
65,플랫화이트,"6,000원"
65,바닐라라떼,"6,000원"
65,블루지,"6,000원"
65,아인스페너,"6,500원"
65,코코프레도,"6,500원"
65,골든 캐러맬,"6,500원"
65,청포도에이드,"7,500원"
65,로얄밀크티,"6,500원"
65,에스프레소,"5,000원"
65,롱블랙,"5,500원"
65,시나몬 카푸치노,"6,000원"
65,카페라떼,"6,000원"
65,크림 모카,"6,500원"
66,히레카츠정식,"12,500원"
66,상로스정식,"16,000원"
66,모둠카츠정식,"14,000원"
66,특히레카츠,"14,000원"
66,멘치카츠,"2,000원"
66,로스카츠정식,"12,500원"
67,봉골레,"17,000원"
67,라구파스타,"18,000원"
67,까르보나라,"14,000원"
67,버섯크림파스타,"18,000원"
67,바질페스토,"16,000원"
67,시금치크림리조또,"16,000원"
67,라구리조또,"18,000원"
67,새우로제리조또,"19,000원"
68,첫라멘 R,"7,500원"
68,끝라멘 L,"10,500원"
68,미소파이탄,"9,000원"
68,유부초밥,"2,000원"
68,수제교자,"4,000원"
69,생미나리삼겹살,"13,000원"
69,세미칼미나리(100g),"2,400원"
69,미나리비빔밥+된장찌개,"7,000원"
69,생삼겹살(150g),"11,000원"
69,미나리전,"7,000원"
70,빠레뜨파스타,"15,000원"
70,오므라이스,"12,000원"
70,오므라이스+빠레뜨파스타+mini우삼겹샐러드 세트,"30,000원"
70,블랙트러플파스타,"14,000원"
70,대창덮밥,"10,500원"
70,우삼겹 덮밥,"8,500원"
70,들기름 육회파스타,"15,000원"
70,라구 볼로네제,"15,000원"
70,로제 찜닭 리조또,"13,000원"
70,mini우삼겹 샐러드,"4,500원"
70,에이드,"5,000원"
71,부야베스,"38,000원"
71,소프트 크랩과 매운 로제 파스타,"25,000원"
71,프렌치 피자,"20,000원"
71,그릴문어,"25,000원"
71,프라임 채끝 스테이크(280g),"48,000원"
71,계절생선,"30,000원"
72,돈까스,"8,000원"
72,즉석우동,"6,000원"
72,어묵 1인분,"6,000원"
72,어묵우동,"7,000원"
72,소주/맥주,"4,000원"
73,훈제오리단호박무스샐러드사이즈,"5,000원"
73,세트메뉴,변동
73,새우아보카도바질새우,"5,300원"
73,햄치즈에그샌드위치,"6,000원"
73,리코타치즈샌드위치,"6,000원"
73,레몬히비스커스티에이드,"5,000원"
73,레몬루이보스티에이드,"5,000원"
73,웰빙오리볶음밥(겨울메뉴),"6,000원"
73,아메리카노,"2,000원"
73,바나나쉐이크,"3,000원"
73,닭가슴살m사이즈,"4,800원"
73,목살샐러드m사이즈,"5,000원"
73,구운버섯두부m,"4,000원"
73,든든에그치즈샌드위치,"5,500원"
73,단호박무스에그,"6,500원"
74,한우오마카세 Signature,"80,000원"
74,한우오마카세 Premium,"120,000원"
75,크로플,"9,000원"
78,타페나드 부르스케타,"3,500원"
78,로메스코 쉬림프,"10,000원"
78,바질페스토 파스타,"19,500원"
78,닭다리살구이,"22,000원"
83,마카롱 (개당),"2,800원"
84,민트오레오치즈,"6,000원"
84,아메리카노,"3,500원"
84,카페라떼,"4,500원"
84,밀크티,"4,500원"
84,레몬아이스티,"5,000원"
84,민트우유,"5,000원"
85,안심 돈카츠 (220g),"14,000원"
85,등심 돈카츠 (220g),"13,000원"
85,등심+안심 돈카츠 (등심110g+안심150g),"18,000원"
85,스페셜 등심 돈카츠 (230g),"16,000원"
85,새우+등심 돈카츠 (2p+220g),"21,000원"
85,새우+안심 돈카츠 (2p+220g),"22,000원"
85,등심 돈카츠 카레 (120g),"13,000원"
85,안심 돈카츠 카레 (120g),"14,000원"
85,새우튀김 카레 (새우2p),"17,000원"
85,카레 추가 (단품),"5,000원"
85,멘치카츠 (180g),"17,000원"
85,치킨카츠 (180g),"15,000원"
85,치킨카츠 카레 (120g),"15,000원"
87,開化 dinner ,"120,000원"
88,간코 돈카츠,"9,500원"
88,특안심 돈카츠,"13,000원"
88,간코 블랙카레,"8,500원"
88,웰빙 버섯카레,"9,500원"
88,우삼겹 비프카레,"10,500원"
88,돈카츠카레,"12,500원"
88,완벽한카레,"13,500원"
88,치즈퐁듀,"5,000원"
88,미니리코타 샐러드,"5,000원"
88,연두부튀김,"5,000원"
88,블랙카레 고로케,"7,000원"
88,딱좋은 반반카츠,"14,000원"
89,에스프레소,"4,000원"
89,아메리카노,"5,000원"
89,카푸치노,"5,000원"
90,음료,"5,500원"
93,8층 디너A코스,"121,000원"
93,8층디너B코스,"143,000원"
93,쉐프스페셜코스,"220,000원"
93,2per커플컴비네이션(랍스터를 포함한 해산물과 안심스테이크플레이트메인),"250,000원"
93,9층디너A코스,"88,000원"
93,9층디너B코스,"110,000원"
93,9층런치 샐러드바,변동
93,9층디너 샐러드바,변동
93,8층런치A코스,"55,000원"
93,8층런치B코스,"77,000원"
93,8층런치C코스,"110,000원"
93,9층단품 한우안심스테이크(200g),"110,000원"
93,9층단품 와규채끝스테이크(200g),"88,000원"
93,9층단품 육우안심스테이크(200g),"77,000원"
93,9층단품 양갈비스테이크,"77,000원"
94,페스토치킨파니니,"11,000원"
94,샥슈카,"13,000원"
94,아보카도샌드위치,"9,000~10,000"
94,부라타샐러드,"13,000원"
94,샐러드 파스타,"12,000원"
94,그릭 요거트,"6,000원"
94,아보카도클래식,"9,000원"
94,아메리카노,"4,500원"
94,라떼,"4,500원"
94,에이드 (홈메이드청/깔라만시),"5,500원"
94,시즌메뉴)크림스피니치,"12,000원"
95,연남물갈비,"15,000원"
95,등갈비추가,"10,000원"
95,샤브추가,"10,000원"
95,옛날불고기,"15,000원"
95,버섯사리,"2,000원"
96,크로플 샌드위치,"9,900원"
96,쉬림프 에그마요 샌드위치,"10,900원"
96,연어 베이글 샌드위치,"9,900원"
96,바질 토마토 파니니,"9,900원"
96,단호박 콘 스프,"6,500원"
96,포코아 샐러드,"12,000원"
96,연어 브루스케타,"8,000원"
96,바닐라 빈 크로플 (싱글),"6,000원"
97,시저 샐러드,"12,000원"
97,리코타치즈 샐러드,"11,000원"
97,먹물아란치니,"9,000원"
97,고구마 프라이즈,"9,000원"
97,브리치즈구이,"11,000원"
97,베이컨크림 감자뇨끼,"15,000원"
97,수란&쉬림프 매콤크림파스타,"14,000원"
97,우삼겹 들깨 크림 파스타,"15,000원"
97,명란 로제 파스타,"14,000원"
97,이태리식 까르보나라,"14,000원"
97,흑모시조개 봉골레,"15,000원"
97,통베이컨 할라피뇨 파스타,"13,000원"
97,가지베이컨쨈 파스타,"14,000원"
97,볼로네제 파스타,"14,000원"
97,항정 미소 리조또,"17,000원"
99,기적의팬케이크,"11,000원"
99,쉬림프아보카도,변동
99,베이컨써니싸이드업,변동
99,스파이스풀레,변동
99,무화과수플레,변동
99,딸기친구딸기,"7,500원"
99,흑당수플레,변동
99,패션후르츠모히또,"6,900원"
99,프렌치쇼콜라,변동
99,크림뷔렐라,변동
99,아인슈페너,"6,300원"
99,오병이어 미라클 밀크티,"7,500원"
99,달고나라떼,"6,500원"
99,에비타마고,"11,000원"
99,시23라떼,"7,500원"
100,우직카세 A set,"50,000원"
100,우직카세 B set,"35,000원"
101,평일 런치 (성인),"33,000원"
101,평일 디너 (성인),"44,000원"
101,주말·공휴일 런치&디너 (성인),"49,500원"
101,평일 런치 (초등학생),"19,800원"
101,평일 디너 (초등학생),"23,100원"
101,주말·공휴일 런치&디너 (초등학생),"27,500원"
101,미취학아동(48개월~7세),"13,200원"
102,직송 모듬 회,"60,000원"
102,활 고등어 회,"30,000원"
102,동해 피문어 숙회 (한마리),"35,000원"
102,동해 피문어 숙회 (반마리),"20,000원"
102,강릉 해물 라면,"9,000원"
103,대게(1kg/시가),변동
103,킹크랩(1kg/시가),변동
103,랍스타,"49,000원"
103,붉은대게세트 (2인상/2마리),"58,000원"
103,붉은대게세트+회포함 (2인상/2마리),"79,000원"
103,붉은대게세트 (3인상/3마리),"87,000원"
103,붉은대게세트+회포함 (3인상/3마리),"110,000원"
103,붉은대게세트 (4인상/4마리),"116,000원"
103,붉은대게세트+회포함 (4인상/4마리),"140,000원"
103,회정식,"13,000원"
103,속초물회,"12,000원"
103,속초섭국,"10,000원"
103,모듬회,"60,000원"
103,회덮밥,"10,000원"
103,우럭매운탕(소),"30,000원"
104,숯불 닭갈비,"9,900원"
104,닭 10마리 목살,"13,000원"
104,닭 13마리 안창살,"13,000원"
104,닭 13마리 연골,"13,000원"
104,무뼈닭발+날치알주먹밥,"14,000원"
106,모듬사시미,"50,000원"
106,곰새우찜,"40,000원"
106,제주딱새우사시미&머리튀김,"38,000원"
106,수제모듬꼬치7종,"24,000원"
106,생연어사시미&특제샐러드,"24,000원"
106,모츠나베,"25,000원"
106,스끼야끼,"25,000원"
107,점심 특 정식 1인,"33,000원"
107,점심 초밥 정식 1인,"33,000원"
107,우미정식,"45,000원"
107,참복 특선,"77,000원"
107,점심 정식 1인,"22,000원"
107,대구지리/탕 정식 1인,"30,000원"
108,라멘,"8,000원"
108,신라멘,"9,000원"
108,수제교자,"4,000원"
108,미니차슈동,"3,000원"
108,차슈추가,"1,000원"
108,계란추가,"1,000원"
108,면추가,"1,000원"
108,공기밥,"1,000원"
108,맥주(레드락),"4,000원"
108,"콜라,스프라이트","2,000원"
108,차슈동(빅),"8,000원"
109,치즈곱창,"12,000원"
109,막창 소금구이,"12,000원"
109,야채곱창,"11,000원"
109,순대곱창,"12,000원"
109,오돌곱창,"12,000원"
109,오돌뼈 볶음,"11,000원"
109,순대볶음,"11,000원"
109,막창 양념구이,"12,000원"
109,무뼈 닭발,"13,000원"
109,치즈사리,"2,000원"
110,애슐리퀸즈 평일런치,"15,900원"
110,애슐리퀸즈 평일디너,"22,900원"
110,애슐리퀸즈 주말공휴일,"25,900원"
110,애슐리퀸즈 초등학생,"12,900원"
110,애슐리퀸즈 미취학생,"7,900원"
111,베이글,"3,000원"
111,크림치즈,"2,000원"
111,스콘,"3,300원"
111,큐브파운드,"3,000원"
112,사시미,"39,000~99,000"
112,모듬 텐뿌라,"25,000원"
112,메로 유안쯔케,"25,000원"
112,소고기 가라아게,"19,000원"
112,이베리코 목살볏짚구이,"22,000원"
112,삼겹 숙주볶음,"18,000원"
112,연어샐러드,"18,000원"
113,억조스페셜(안심/등심),"45,000원"
113,프라임 건조숙성 한우등심 (드라이에이징),"56,000원"
113,특안심,"56,000원"
113,꽃등심,"56,000원"
113,특설화살(살치살/새우살),"70,000원"
113,뭉티기 (육사시미),"32,000원"
113,육회,"30,000원"
113,궁중 왕갈비찜(대),"59,000원"
113,궁중 왕갈비찜(중),"49,000원"
113,궁중 왕갈비찜(볶음밥),"3,000원"
113,특왕 갈비탕,"15,000원"
113,억조 한우불고기(2인분이상),"19,000원"
113,새싹육회비빔밥,"12,000원"
113,된장말이죽 (대),"12,000원"
113,된장말이죽 (소),"9,000원"
115,플랫화이트,"3,500원"
115,에그타르트,"2,000원"
115,올리브식빵,"3,000원"
115,크로아상,"2,200원"
115,치즈식빵,"3,800원"
115,초코패스츄리,"2,800원"
115,크랜베리크림치즈 치즈아바타,"2,700원"
115,무화과바게트,"3,000원"
115,오늘의브런치,"2,700원"
115,우유생크림케익,"30,000원"
120,무한조개셀프바(1인),"25,000원"
120,무한조개셀프바(8-13세),"17,000원"
120,무한조개셀프바(5-7세),"10,000원"
120,모듬조개구이/찜(소),"45,000원"
120,모듬조개구이/찜(중),"58,000원"
120,모듬조개구이/찜(대),"72,000원"
121,참치 혼마구로 코스요리,"45,000원"
122,특모듬초밥,"16,000원"
122,연어롤,"10,000원"
122,회덥밥,"9,000원"
122,모듬튀김,"14,000원"
122,모듬사시미,"38,000원"
122,모듬초밥,"11,000원"
122,냉우동,"6,500원"
122,사시미정식,"28,000원"
122,장어덮밥,"18,000원"
123,(평일점심) 소고기샤브 + 70가지 뷔페,"15,800원"
123,(평일점심) 해물샤브 + 70가지 뷔페,"19,000원"
123,(평일점심) 한우샤브 + 70가지 뷔페,"21,000원"
123,(평일점심) 스페셜모듬 + 70가지 뷔페,"25,000원"
123,(평일저녁) 소고기샤브 + 70가지 뷔페,"21,000원"
123,(주말공휴일) 소고기샤브 + 70가지 뷔페,"21,000원"
123,와인 무제한,"3,900원"
123,평일 저녁 주류 무제한,"23,900원"
123,생맥주 무제한,"3,900원"
123,(저녁/주말/굥휴일) 스페셜 모듬 세트,"28,000원"
125,모듬초밥,"10,000원"
125,특선초밥,"15,000원"
125,도로초밥,"27,000원"
125,가마도로,"36,000원"
125,오도로,"34,000원"
125,쥬도로,"32,000원"
125,배꼽살,"36,000원"
125,머리살,"33,000원"
125,풀코스,"190,000원"
127,그릴 스테이크 샐러드,"9,900원"
127,해산물 쌀국수,"8,500원"
127,로제까르보나라,"13,000원"
127,꿔바로우,"14,000원"
127,소고기 마늘 볶음밥,"8,500원"
130,점심오마카세,"45,000원"
130,저녁오마카세,"85,000원"
130,콜키지,"30,000원"
131,누룽지삼계탕,"15,000원"
131,토종닭 누룽지백숙,"58,000원"
131,들깨삼계탕,"16,000원"
131,통오리 누룽지백숙,"58,000원"
131,참옻 삼계탕,"20,000원"
131,생전복 삼계탕,"22,000원"
135,모듬꼬치 6종,"25,000원"
135,토마토 비프 스튜,"14,000원"
135,계라면,"7,000원"
136,이베리코 A세트500g,"38,000원"
136,이베리코 B세트 1000g,"71,000원"
136,이베리코 C세트,"99,000원"
136,이베리코 꽃목살,"15,000원"
136,이베리코 갈비살,"15,000원"
136,이베리코 황제살,"15,000원"
136,이베리코 갈매기살,"15,000원"
136,이베리코 배받이살,"15,000원"
136,이베리코 양념꽃살,"15,000원"
136,김치짜글이(2인 이상),"7,000원"
136,제육볶음(2인 이상),"8,000원"
136,육개장,"7,000원"
136,김치말이국수,"6,000원"
136,"냉면(비빔,물)","6,000원"
137,깜빠뉴,"3,500원"
137,바게트,"3,500원"
137,홍차,"4,000원"
137,스콘,"3,000원"
137,마들렌,"2,500원"
137,다양한 깜빠뉴,"4,500원"
137,다양한 바게트,변동
137,커피,"3,000원"
138,멸치국수,"5,500원"
138,비빔국수,"6,000원"
138,바지락칼국수,"6,000원"
138,냉김치말이국수,"6,000원"
138,냉열무국수,"6,000원"
139,아메리카노,"3,000원"
139,밤식빵,"5,700원"
139,초코식빵,"5,000원"
139,먹물치즈식빵,"5,000원"
139,아몬드크림식빵,"5,200원"
139,녹차단팥식빵,"5,000원"
139,호두시나몬식빵,"5,000원"
139,뉴텔라피칸,"5,000원"
139,콘치즈야채식빵,"5,200원"
139,고메버터솜살식빵,"3,300원"
139,탕종우유식빵,"3,800원"
139,브라우니,"3,800원"
139,베리군고구마식빵,"5,200원"
140,한우차돌삼합,"23,000원"
140,한우차돌박이,"23,000원"
140,김일도생삼겹,"14,000원"
140,매운갑오징어갈비찜,"49,000원"
140,날치알볶음밥,"5,000원"
140,시원한묵사발,"6,000원"
140,누룽지,"6,000원"
140,차돌초밥,"5,000원"
141,짜장면,"6,000원"
141,간짜장,"7,000원"
141,해물짬뽕,"7,000원"
141,우육짬뽕,"9,000원"
141,깐풍군만두,"11,000원"
141,삼선우동,"8,000원"
141,군만두,"8,000원"
141,쟁반짜장(2인분),"16,000원"
141,쟁반짬뽕(2인분),"18,000원"
141,굴짬뽕,"9,000원"
141,굴짬뽕밥,"9,500원"
141,콩국수,"7,000원"
141,해물짬뽕밥,"8,000원"
141,잡채밥,"8,500원"
141,잡탕밥,"12,000원"
143,양지쌀국수,"8,500원"
143,스프링롤,"4,500원"
143,분보싸오,"8,000원"
143,팟타이 (치킨&새우),"10,000원"
143,나시고랭,"10,000원"
143,차돌박이쌀국수,"9,500원"
143,새우파인애플볶음밥,"9,500원"
143,월남쌈,"22,000원"
143,사이공스페셜,"6,000원"
144,아메리카노,"3,500원"
144,핸드드립,"5,000원"
144,더치아인슈페너,"6,500원"
144,말차슈페너,"6,500원"
144,크로플,"5,500원"
144,싱글원두200g,"16,000원"
144,블렌딩원두200g,"18,000원"
156,문삼세트 2인,"35,900원"
156,문삼세트 4인,"59,900원"
156,문꽃세트 2인,"44,900원"
156,문꽃세트 4인,"76,900원"
156,삼겹살 180g,"12,900원"
156,와규꽃살 150g,"18,900원"
156,김치찌개정식,"9,000원"
156,연탄돼지불백정식,"8,000원"
156,고등어구이정식,"10,000원"
156,오징어볶음정식,"9,000원"
156,문어버터철판구이,"14,900원"
156,해물떡볶이,"16,000원"
156,스팸&계란후라이,"13,000원"
156,삼교비두부김치,"15,000원"
156,포실계란말이,"12,000원"
157,육풍 꽃삼겹,"13,000원"
157,육풍 꽃목살,"13,000원"
157,육풍 통삼겹,"13,000원"
157,통가브리살,"15,000원"
157,통항정살,"15,000원"
157,숙성한우등심,"34,000원"
157,숙성한우부채살,"36,000원"
157,숙성한우치마살,"38,000원"
157,한우육회,"25,000원"
157,3대 김치찌개,"7,000원"
157,한우시골된장찌개,"7,000원"
157,물/비빔냉면,"6,000원"
157,해물라면,"5,000원"
157,헛개누룽지,"3,000원"
157,꽃고기모둠,"38,000원"
158,소룡포,"7,000원"
158,돼지귀오이무침 대,"8,000원"
158,오향건두부 대,"8,000원"
158,완탕,"5,000원"
158,브로컬리양파무침 대,"8,000원"
159,월남쌈세트,"20,000원"
162,춘천집 닭갈비,"11,000원"
162,치즈폭포 닭갈비,"13,000원"
162,매운 닭갈비,"11,000원"
162,삼겹 닭갈비,"11,000원"
162,막국수,"6,000원"
162,춘천집 감자전,"6,900원"
162,볶음밥,"2,000원"
162,치즈볶음밥,"3,000원"
162,모듬사리,"4,000원"
162,모듬떡사리,"2,500원"
162,떡사리,"2,000원"
164,곱창,"25,000원"
164,대창,"25,000원"
164,막창,"25,000원"
164,벌양,"25,000원"
164,모둠,"25,000원"
164,눈꽃 철판 제육정식,"13,000원"
164,오리지널 철판 제육정식,"11,000원"
165,평일런치,"16,900원"
165,평일디너,"20,900원"
165,주말및공휴일,"21,900원"
165,초등학생(8세-13세),"11,900원"
165,미취학아동(37개월-7세),"7,900원"
166,까치설화 (아인슈페너),"5,800원"
166,볼빨간 레드벨벳,"29,000원"
166,수플레 카푸치노,"5,200원"
166,아메리카노,"4,500원"
166,카페라떼,"4,800원"
166,그린티 아포가토 라떼,"6,300원"
166,초콜릿 아포가토 라떼,"6,300원"
166,허브&과일 수제청 티,"5,200원"
166,허브&과일 수제청 에이드,"5,700원"
166,밀크청 (로얄 머스켓 밀크티),"6,500원"
166,밀크홍 (레드 후르츠 블렌딩 밀크티),"6,500원"
166,허니 아이스크림 크로플,"9,800원"
166,생딸기 아이스크림 크로플,"12,800원"
166,플레인 크로플,"3,800원"
166,딸기 치즈크림 크로플,"5,200원"
168,쌀국수,"8,000원"
168,뿌꿍팟뽕커리,"25,000원"
168,쏨담&까이양,"20,000원"
168,새우볶음밥,"8,000원"
168,베트남&호주식 퓨전 월남쌈,"30,000원"
168,칠리소스 생선튀김,"29,000원"
168,똠얌꿍,"15,000원"
168,코코넛치킨,"15,000원"
168,검슴(돼지고기덮밥),"8,000원"
168,검가(닭고기덮밥),"8,000원"
168,반미,"6,000원"
168,똠얌누들,"8,000원"
168,안심샐러드,"16,000원"
168,모닝글로리,"17,000원"
168,모듬 스프링롤,"6,000원"
169,통단호박스프,"18,500원"
169,매콤버섯새우크림파스타,"17,500원"
169,건강한계란을품은시금치에그피자,"17,500원"
169,수제햄버거스테이크파스타(크림/토마토),"19,500원"
169,트러플향이 가득한 버섯크림리조또,"17,500원"
169,아메리카노,"4,300원"
169,에이드(레몬/자몽오렌지/패션후르츠),"6,800원"
170,애슐리퀸즈 평일런치,"15,900원"
170,애슐리퀸즈 평일디너,"22,900원"
170,애슐리퀸즈 주말공휴일,"25,900원"
170,애슐리퀸즈 초등학생,"12,900원"
170,애슐리퀸즈 미취학생,"7,900원"
171,곱창구이,"21,000원"
171,막창,"21,000원"
171,대창,"21,000원"
171,모둠구이 (중),"45,000원"
171,모둠구이 (대),"55,000원"
171,곱창전골 (중),"45,000원"
171,곱창전골 (대),"55,000원"
171,양깃머리,"25,000원"
171,염통,"17,000원"
171,"간,천엽 추가","8,000원"
171,별미 묵사발,"6,000원"
171,맛난 열무국수,"6,000원"
171,볶음밥,"3,000원"
171,공기밥,"1,000원"
172,한우,"25,000~68,000"
172,한정식,"25,000~55,000"
172,주류,"5,000~230,000"
172,와인,"30,000원"
173,아메리카노,"3,300원"
173,로얄밀크티,"5,500원"
173,크림콜드브루,"3,300원"
173,말차라떼,"6,000원"
173,딸기주스,"6,500원"
174,쌀떡볶이,"3,500원"
174,깻잎떡볶이,"4,000원"
174,튀긴떡볶이,"4,000원"
174,명란크림떡볶이,"6,000원"
174,명란마요떡튀이,"5,000원"
174,떡&김말이 강정,"5,000원"
174,짱절미 떡튀김,"4,000원"
174,버터명란밥,"7,000원"
174,비빔만두,"5,000원"
174,순대만(내장X),"3,000원"
175,마르게리따,"9,500원"
175,까르보나라,"10,900원"
175,레드락생맥주,"4,500원"
175,글라스와인,"3,900원"
175,와인 Bottle,"19,000원"
176,치즈 카츠,"9,500원"
176,치즈 愛 치즈카츠,"11,500원"
176,안심 카츠,"8,500원"
176,카츠랑 카츠,"7,500원"
177,뒤뜰한상,"49,900원"
177,게장한정식,"11,900~13,900"
177,장어한상 (당일싯가),변동
177,소한상 ,"49,900원"
177,(평일특가)장어탕 ,"5,900원"
177,장어탕,"12,000원"
177,물/비빔냉면,"6,000원"
177,잔치국수,"5,000원"
179,낭만부대찌개,"8,000원"
179,낭만부대볶음,"9,000원"
180,물갈비(1인),"18,000원"
180,소불고기(1인),"15,000원"
183,누룽지삼계탕,"12,000원"
183,누룽지통닭,"18,000원"
183,치즈콘닭,"22,000원"
183,매콤불닭,"22,000원"
183,세계맥주,변동
184,숯불더덕닭갈비2인세트,"28,000원"
184,숯불더덕통삼겹2인세트,"30,000원"
184,양념닭갈비,"11,000원"
184,한방간장닭갈비,"11,000원"
184,횡성더덕구이,"12,000원"
184,통삼겹살,"12,000원"
184,명품닭똥집구이,"10,000원"
184,생더덕막걸리,"10,000원"
184,더덕비빔(물)막국수,"6,000원"
184,구워먹는주먹밥,"3,000원"
184,더덕된장찌개,"6,000원"
185,명품소한마리 600g (100g19833),"129,000원"
185,한우보감,"209,000원"
185,통큰소한마리 800g (100g18625),"169,000원"
185,등심 170g (100g23000),"39,100원"
185,안심 150g (100g 24000),"36,000원"
185,부채살 170g (100g 23000),"39,100원"
185,업진살 170g (100g 23000)),"39,100원"
185,새우살 100g 36000,"36,000원"
185,살치.토시.안창살 100g36000,"36,000원"
185,한우육회 200g,"30,000원"
185,육사시미 200g,"35,000원"
185,제주흑돼지구이 170g (100g 9411),"17,000원"
185,한라산세트,"45,000원"
185,오겹살 170g,"15,000원"
185,랍스터라면 (2-3인),"35,000원"
186,조개전골2인,"39,000원"
186,조개칼국수,"8,000원"
186,얼큰조개칼국수,"8,000원"
186,고르곤졸라 피자,"3,000원"
186,조개전골 스페셜,"69,000원"
186,조개전골 4인,"59,000원"
187,소한마리,"52,000원"
187,돼지한마리,"39,000원"
187,꽃갈비살,"20,000원"
187,살치살,"18,000원"
187,갈비살,"17,000원"
187,부채살,"16,000원"
187,등심,"16,000원"
187,차돌박이,"16,000원"
187,한우육회,"20,000원"
187,국내산 삼겹살,"12,000원"
187,국내신 목살,"12,000원"
187,국내산 가브리살,"12,000원"
187,무한리필 삼겁살,"10,000원"
188,삼겹살,"12,000원"
188,부대찌개,"15,000원"
188,김치찌개,"15,000원"
188,닭볶음탕,"23,000원"
188,오뎅탕,"10,000원"
189,추어탕+돌솥밥,"8,500원"
189,통추어탕+돌솥밥,"10,000원"
189,물만두,"6,000원"
189,추어튀김 (소),"7,000원"
189,추어튀김 (대),"14,000원"
191,양꼬치 1인분,"12,000원"
192,장작 등심꽃살(200g),"14,000원"
192,꼬들살(200g),"13,000원"
192,장작 새우살(200g),"13,000원"
192,한우1++차돌박이(150g),"22,000원"
193,살치살 철판구이”철”set(200g),"21,000원"
193,삼겹 짬뽕탕,"13,000원"
193,통삼겹철판구이 “철”set(250g),"14,000원"
193,통삼겹철판구이 “판”set(500g),"26,000원"
193,항정살철판구이”철”set(250g),"16,000원"
193,항정살철판구이”판”set(500g),"30,000원"
193,살치살 철판구이”판”set(400g),"40,000원"
193,훈제오리 철판구이,"13,000원"
193,버터갈릭 새우구이(12p),"12,000원"
193,야채 관자 버터구이,"10,000원"
193,대패삼겹 숙주볶음,"10,000원"
193,명란마요 주먹밥(4p),"5,000원"
193,숙주 새우라면,"5,000원"
193,야채 우동 볶음면(새우2p),"10,000원"
193,국산맥주/국산소주,"4,000원"
194,오리지널 닭강정,"18,000원"
194,소,"5,000원"
194,중,"9,000원"
194,대,"12,000원"
194,곱빼기,"20,000원"
194,패밀리,"23,000원"
194,1+1세트,"32,000원"
194,마늘강정,"19,000원"
194,모듬떡강정,"20,000원"
194,고구마강정,"20,000원"
194,닭강정반/양념치킨반,"19,000원"
195,바질페스토,"31,000원"
195,베이컨체다,"30,000원"
195,치즈,"25,000원"
195,페퍼로니,"27,000원"
195,스파이시,"27,000원"
195,하와이안,"27,000원"
195,불고기,"29,000원"
195,반반피자,"27,000~31,000"
195,트리플,"29,000원"
195,마약 옥수수,"5,000원"
196,리코타 명란피자,"17,500원"
196,루꼴라 프로슈토피자,"17,000원"
196,마르게리타 피자,"16,000원"
196,페퍼로니 피자,"16,000원"
196,고르곤졸라 피자,"16,500원"
196,아마트리치아나,"12,000원"
196,풍기꼰 따르투포 비앙코파스타,"13,500원"
196,까르보나라,"13,500원"
197,마라탕 100g,"1,600원"
197,마라샹궈 100g,"3,000원"
197,마라새우,"2,500원"
197,꿔바로우,"9,900원"
198,아메리카노,"3,500원"
198,플랫화이트,"5,000원"
198,카페라떼,"5,000원"
198,크림모카,"5,500원"
198,바닐라빈 라떼,"5,500원"
199,제주오겹살,"13,000원"
199,제주토종흑돼지,"13,000원"
199,제주주먹고기,"13,000원"
199,제주껍데기,"10,000원"
201,▶참치회(1인기준),변동
201,- 스페셜,"32,000원"
201,- 하이스페셜,"42,000원"
201,- VIP,"58,000원"
201,- 조리장 특선,"75,000원"
201,▶단품메뉴(저녁9시이후),변동
201,- 참다랑어 배꼽살(5ps),"50,000원"
201,- 참다랑어 뱃살 오도로(12ps),"60,000원"
201,▶정식류,변동
201,- 참치회 정식 (A),"25,000원"
201,- 참치회 정식 (B),"35,000원"
201,- 참치회 정식 (C),"55,000원"
201,▶초밥류,변동
201,- 장어초밥(10ps),"26,000원"
201,- 모듬초밥 12P+(우동),"16,000원"
202,철판쭈꾸미,"11,000원"
202,철판쭈삼,"12,000원"
202,직화쭈꾸미,"12,000원"
202,직화쭈삼,"13,000원"
202,쭈꾸미비빔밥,"8,000원"
202,부대찌개,"8,000원"
202,꼬물이 만두,"5,000원"
202,고기만두,"5,000원"
202,날치알 주먹밥,"3,000원"
203,특모듬스시,"18,000원"
203,모듬사시미,"35,000원"
203,모듬스시,"16,000원"
203,미니사시미,"19,000원"
203,연어초밥,"18,000원"
204,숯불돼지갈비 무한리필,"14,900원"
204,된장찌개(무한리필이용시),"2,000원"
204,김치찌개(무한리필이용시),"2,000원"
205,마약껍데기 170g,"7,900원"
205,마라껍데기 170g,"8,400원"
205,모서리껍데기 170g,"10,900원"
205,돼지꼬리 180g,"8,900원"
205,꼬들살 170g,"9,900원"
205,흰살 170g,"9,900원"
205,생갈매기살 170g,"10,900원"
205,매콤 간장 생갈매기살 170g,"11,500원"
205,복고삼겹살 170g,"7,900원"
205,이베리코 연탄불고기 150g,"9,900원"
205,이베리코 목살 160g,"10,900원"
205,이베리코 갈비살 160g,"10,900원"
205,이베리코 항정살 160g,"10,900원"
205,특수부위 반마리 500g,"25,000원"
205,특수부위 한마리 800g,"42,900원"
208,냉콩국수,"11,000원"
208,비빔국수,"9,000원"
208,닭칼국수,"9,000원"
208,육개장칼국수,"9,000원"
208,접시만두,"9,000원"
208,떡만두국,"9,000원"
208,손만두국,"9,000원"
208,떡국,"9,000원"
209,오마카세 런치,"33,000원"
209,오마카세 디너,"35,000원"
210,"한돈(목살, 삼겹 500g기준)","20,000원"
210,항정살(200g),"20,000원"
210,닭도리탕(2인기준),"25,000원"
210,닭한마리(2인기준),"20,000원"
210,"갈비찜(대, 3인기준)","60,000원"
210,"갈비찜(소, 2인기준)","40,000원"
210,대구탕,"12,000원"
210,낙지덮밥,"10,000원"
210,제육덮밥,"8,000원"
210,돈가스,"8,000원"
210,칼국수,"5,000원"
211,토시살,"31,000원"
211,생등심,"35,000원"
211,등심,"30,000원"
211,된장찌개,"6,000원"
211,음료수,"1,000원"
212,오마카세 초밥,"20,000원"
212,모둠초밥 10p,"10,000원"
212,모둠초밥 8p,"8,000원"
212,연어초밥 10p,"12,000원"
212,모둠 사시미,"12,000원"
212,연어 사시미,"12,000원"
213,냉동삼겹살,"13,000원"
213,순두부찌개,"7,000원"
213,청국장,"7,000원"
213,맑은명란탕,"12,000원"
213,옛날깻잎국물떡볶이,"8,000원"
213,볶음밥,"4,000원"
214,소곱창전골 ,"28,000원"
214,돔베고기,"17,000원"
214,고기국수,"8,000원"
214,고기국밥,"8,000원"
214,비빔국수,"8,000원"
214,가지튀김,"9,000원"
214,얼큰고기국수,"9,000원"
214,오징어초무침,"16,000원"
214,통영생굴,"10,000원"
214,곱창전골 중,"33,000원"
214,곱창전골 대,"38,000원"
214,돔베고기 큰도마,"27,000원"
215, 牛부채살 세트,"38,000원"
215,牛살치살 세트,"43,000원"
215,MAIN MENU,변동
215,감바스,"16,000원"
215,마라 꿔바로우,"18,000원"
215,가라아게,"16,000원"
215,치즈플레이트,"16,000원"
215,홍콩계절와플,"14,000원"
215,달고나밀크티,"6,500원"
215,아일랜드 꽃술,"18,000원"
215,크리스먹태,"15,000원"
215,아일랜드 모히또,"20,000원"
215,조개술찜파스타,"22,000원"
216,매운짬뽕,"9,000원"
216,얼큰차돌짬뽕,"9,000원"
216,짜장,"6,500원"
216,김밥,"3,000원"
216,백짬뽕,"12,000원"
216,기계우동,"6,500원"
217,오드리초코케이크,"4,000원"
217,에스프레소,"3,500원"
217,아메리카노,"3,900원"
217,플랫 화이트,"4,000원"
217,카페라떼,"4,500원"
217,카푸치노,"4,500원"
217,바닐라라떼,"5,000원"
217,카라멜라떼,"5,000원"
217,모카라떼,"5,000원"
217,헤이즐넛라떼,"5,000원"
218,프리미엄 마들렌,"3,000원"
218,블루이쉬 에이드,"7,500원"
218,아메리카노,"4,800원"
218,카페라떼,"4,800원"
218,더티 커피,"6,500원"
218,바닐라라떼,"5,300원"
218,피치 선셋 에이드,"6,500원"
218,코코망,"6,500원"
218,말차라떼,"5,500원"
218,말차 흑임자 라떼,"7,000원"
218,마블라떼,"6,000원"
218,브라운치즈 크로플,"11,500원"
218,헤이즐넛 크럼블 크로플,"11,500원"
218,마이슈페너,"6,500원"
219,고추장불고기 230g,"15,000원"
219,삼겹살 150g,"15,000원"
219,멸치국수,"5,000원"
219,물김치국수,"5,000원"
219,항정살 150g,"18,000원"
219,김치찌개(점심 메뉴),"7,000원"
219,선지해장국,"7,000원"
222,오리지널 시금치 통닭,"25,000원"
222,크림소스 통닭,"25,000원"
222,스파이시 크림 통닭,"25,000원"
222,치즈 플레이트,"12,000원"
222,과일 플레이트,"12,000원"
222,나초,"12,000원"
222,빵 (치아버터),"7,000원"
222,믹스드 올리브,"6,000원"
222,콜라/사이다,"4,000원"
222,페리에,"4,000원"
223,런치 일반,변동
223,런치 스페셜,변동
223,디너 A코스,변동
223,디너 B코스,변동
224,사시미회식코스,"52,000원"
224,만선코스,"58,000원"
224,특사시미회식코스,"58,000원"
224,자연산 특모듬회코스,"70,000원"
224,자연산 특사시미코스,"80,000원"
224,생선매운탕(생물),"35,000원"
224,오늘의탕초밥세트(2인이상),"26,000원"
224,생선초밥,"28,000원"
224,특회덮밥,"27,000원"
224,사시미정식,"38,000원"
224,자연산 사시미정식,"50,000원"
224,란사시미정식,"29,800원"
224,초밥세트,"20,000원"
224,특초밥세트,"22,000원"
224,민물장어덮밥세트,"22,000원"
225,런치 오마카세,"38,000원"
225,디너 오마카세,"70,000원"
227,아이스티 퍼퓸 시리즈,"5,500원"
227,멜팅밀크 시리즈,"5,500원"
227,마들렌,"2,000~2,500"
227,크랙플,"4,000~8,000"
227,아메리카노,"4,500원"
227,아인슈패너,"5,500원"
227,레몬에이드,"5,500원"
227,티퍼퓸 에이드,"5,500원"
229,참치만두 대,"12,000원"
229,배추만두 대,"9,000원"
229,목이버섯튀김,"13,000원"
229,군만두 추가,"1,000원"
229,계란볶음밥,"6,000원"
229,김치볶음밥,"5,000원"
229,꿔보뤄우,"15,000원"
229,가지볶음,"13,000원"
229,지삼선볶음,"13,000원"
229,고추볶음,"13,000원"
229,건두부고추볶음,"10,000원"
229,청도맥주,"6,000원"
229,맥주,"4,000원"
229,소주,"4,000원"
229,음료수,"2,000원"
230,무제한칵테일,"15,000원"
231,"대원강도다리회 (소, 중, 대)","60,000~100,000"
231,"대원강도다리모듬회 (소, 중, 대)","60,000~100,000"
231,"대원 모듬회 (소, 중, 대)","40,000~80,000"
231,"대원흰살모듬회 (소, 중, 대)","60,000~100,000"
231,"대원찰광어모듬회 (소, 중, 대)","60,000~100,000"
231,"대원강도다리세꼬시모듬회 (소, 중, 대)","50,000~90,000"
231,대원 스페셜 (특대),"130,000원"
231,능성어참돔회 (대),"130,000원"
231,능성어모듬회 (대),"130,000원"
232,우유식빵,"3,300원"
232,올리브치즈치아바타,"3,500원"
232,앙버터페이스트리,"4,000원"
232,초코크로와상,"4,000원"
232,밀푀유페스츄리,"4,800원"
233,모둠회 2인,"40,000~80,000"
233,모둠회 3인,"60,000~110,000"
233,모둠회 4인,"70,000~130,000"
234,런치 파스타,"9,500원"
234,런치코스A (슾.샐러드.파스타.후식),"16,000원"
234,런치코스B (슾.샐러드.파스타or피자1.후식),"19,000원"
234,런치코스C (슾.샐러드.스테이크.후식),"29,000원"
234,파스타,"17,500원"
234,화덕피자,"19,500원"
234,에밀리아식 라자냐,"23,000원"
234,전복 리조또,"21,000원"
234,뽀르게따 300g,"28,000원"
234,등심스테이크 200g,"32,000원"
234,해산물빠에야,"28,000원"
235,손선장 홍게+대방어 가성비 세트,"90,000원"
235,손선장 제철 대방어 회,"60,000원"
235,손선장 킹크랩 가성비 세트,"180,000원"
235,대게1마리(1.5K) 가성비 세트,"105,000원"
236,꿀돼지 삼겹전 / 소고기 안심전,"18,000원"
236,동그랑땡,"16,000원"
236,전병,"16,000원"
236,감자전,"15,000원"
236,김치전,"13,000원"
236,깻잎전 / 고추전 / 녹두전,"16,000원"
236,배추전 / 두부전 / 부추전 / 호박전,"13,000원"
236,표고버섯전,"17,000원"
238,술국(대),"28,000원"
238,술국(중),"23,000원"
238,순대국,"8,000원"
238,순대국(포장2인분),"16,000원"
238,오소리감투,"13,000원"
238,머리고기,"13,000원"
238,야채순대,"8,000원"
238,모듬,"16,000원"
239,제육볶음 쌈밥,"8,000원"
239,소불고기쌈밥,"10,000원"
239,오리차돌구이,"12,000원"
239,부대찌개,"6,000원"
240,단호박파운드,"15,000원"
240,얼그레이파운드,"12,000원"
240,녹차파운드,"14,000원"
240,치즈파운드,"12,000원"
240,쑥파운드,"14,000원"
240,흑임자파운드,"16,000원"
241,당근케이크,변동
241,치즈케이크,변동
241,레몬케이크,변동
241,레드벨벳케이크,변동
241,크럼블,변동
241,가나슈쇼콜라,변동
241,카라멜호두타르트,변동
241,말차팥케이크,변동
241,쿠키,변동
241,아메리카노,"1,500원"
241,얼그레이케이크,변동
241,블루베리요거트생크림,변동
241,마롱케이크,변동
241,티라미수,변동
242,특수모듬(400g),"59,000원"
242,갈비살(400g),"66,000원"
242,등심(400g),"66,000원"
242,생갈비(400g),"77,000원"
242,안창(100g)살치(150g)꽃살(150g),"100,000원"
242,살치살(400g),"110,000원"
242,육사시미(200g),"30,000원"
242,육회(200g),"25,000원"
242,육회비빔밥(100g),"10,000원"
242,냄비밥+청국장2인,"6,000원"
242,청국장,"4,000원"
242,냄비밥,"3,000원"
242,냉면,"5,000원"
242,라면,"3,000원"
243,키쉬 / 타르트,변동
244,한끼,"5,500원"
244,식권10매,"45,000원"
244,식권50매,"220,000원"
244,식권100매,"430,000원"
244,월식(1식),"120,000원"
244,월식(2식),"210,000원"
244,월식(3식),"240,000원"
245,돈까스,"7,000원"
245,양념돈까스,"7,000원"
245,대왕돈까스,"15,000원"
245,디진다돈까스,"15,000원"
246,블랑라거,"6,900원"
246,청담동며느리,변동
246,토스티드라거,변동
246,젠틀맨라거,변동
246,312어반위트,변동
246,첫사랑향기,변동
246,블랑1664,변동
246,쉐퍼호퍼자몽,변동
246,호가든로제,변동
246,이네딧담,변동
246,헤페바이젠,변동
246,바이젠복,변동
246,더미스트레스세종,변동
246,소라치에이스,변동
246,빅웨이브,변동
248,월남쌈 버섯 샤브 정식(평일점심),"12,900원"
248,월남쌈 와규 샤브 정식(평일점심),"14,000원"
248,월남쌈 샤브샤브정식(평일점심),"11,900원"
248,월남쌈 명품한우 정식(평일점심),"15,000원"
248,월남쌈 샤브샤브,"14,500원"
248,월남쌈 버섯 샤브샤브,"18,900원"
248,월남쌈 와규 샤브샤브,"17,800원"
248,명품 한우 샤브샤브,"20,900원"
248,월남쌈 스페셜 샤브샤브,"22,900원"
248,우삼겹 구이&월남쌈 샤브샤브,"16,000원"
248,돈삼겹 구이&월남쌈 샤브샤브,"16,000원"
248,로스구이 & 샤브,"38,000원"
248,(포장)월남쌈샤브 ,"29,500원"
248,(포장)명품한우샤브,"44,000원"
251,3공간 스페셜 플래터,"32,000원"
251,샹그리아 sangría,"9,000원"
251,공간대여 3시간 이용,"100,000원"
251,와인레스토랑,변동
251,Olive 올리브 & Mixed nuts 믹스넛,"5,900원"
251,필라델피아 크림치즈&수제 크래커 SET,"12,900원"
251,감바스 알 아히요,"18,000원"
251,生대구 카르토치오,"24,900원"
251,프라임 안심스테이크(160g),"39,000원"
251,훈제 연어 샐러드 볼,"29,000원"
253,청국장,"7,000원"
253,황태국,"8,000원"
253,순두부,"7,000원"
253,제육볶음,"20,000원"
253,미역국,"7,000원"
253,낙지볶음  대,"30,000원"
253,낙지볶음  중,"25,000원"
253,홍어찜,"30,000원"
253,꼬막,"20,000원"
254,닭발,"12,000원"
254,닭똥집,"12,000원"
254,제육,"12,000원"
254,오돌뼈,"12,000원"
254,곱창,"12,000원"
254,꼼장어,"12,000원"
254,굴비,"12,000원"
254,계란말이,"8,000원"
254,계란탕,"6,000원"
254,번데기탕,"6,000원"
254,콘치즈,"6,000원"
254,라면,"3,000원"
254,주먹밥,"2,000원"
254,삶은계란(3개),"2,000원"
254,촉촉오징어,"12,000원"
257,양고급갈비,"25,000원"
257,양꼬치,"12,000원"
257,양갈비살,"13,000원"
257,양등갈비,"15,000원"
257,새우구이,"12,000원"
257,마라양꼬치,"15,000원"
257,매운닭날개,"10,000원"
257,어향가지,"15,000원"
257,꿔바로우,"15,000원"
257,마파두부,"12,000원"
258,숯불통닭 소금/양념/매운양념/반반,"18,000원"
258,고가네 세트,"19,000원"
258,닭꼬치 세트,"12,000원"
258,닭꼬치추가 개당,"2,500원"
258,닭꼬치포장 개당,"2,000원"
259,라이베쿠헨(독일감자전),"16,800원"
259,에그인헬,"13,500원"
259,펜네,"12,000원"
259,쉬림프 샐러드,"8,700원"
259,부어스트&포테이토,"12,000원"
259,등심스테이크,"24,000원"
260,삼겹그라탕,"15,000원"
260,떡갈비,"13,000원"
260,김치삼겹,"13,000원"
260,어묵탕,"15,000원"
260,삼치구이,"9,000원"
260,모듬과일(大),"15,000원"
260,닭모래집,"10,000원"
260,소주,"4,000원"
260,두부김치,"12,000원"
260,소세지볶음,"11,000원"
260,냄비콘치즈,"10,000원"
260,오돌뼈,"11,000원"
260,제육볶음,"13,000원"
260,오삼불고기,"13,000원"
260,오징어볶음,"13,000원"
261,스페셜원!,"90,000~160,000"
261,참치주도로 스페셜,"60,000~120,000"
261, 특수부위 뱃살스페셜  ,"70,000~130,000"
261,특수부위 모듬회 ,"55,000~95,000"
261,활어숙성모듬회 ,"40,000~80,000"
261,참치오도로스페셜 ,"80,000~140,000"
261,특대방어회,"60,000~120,000"
261,방돔회,"60,000~120,000"
261,특대방어 뱃살 스페셜,"80,000~140,000"
261,방돔 뱃살 스페셜,"80,000~140,000"
263,김치찌개 (보통),"14,000원"
263,달걀말이,"6,000원"
263,김치찌개 (곱빼기),"25,000원"
263,1인분,"7,000원"
263,중간,"20,000원"
264,하누모둠,"32,000원"
264,하누등심,"34,000원"
264,하누갈비살,"30,000원"
264,하누살치살,"34,000원"
264,된장짜글이,"6,000원"
264,한우라면,"5,000원"
264,박군국수,"5,000원"
264,육사시미 ,"30,000원"
265,우설,"25,000원"
265,곱창,"22,000원"
265,대창,"20,000원"
265,홍창,"20,000원"
265,염통,"15,000원"
265,곱창전골,"28,000원"
265,양볶음밥,"7,000원"
267,샤브샤브훠궈무한리필,"16,800원"
267,평일 오후 3시전,"14,800원"
267,샤브샤브훠궈무한리필 소인,"8,000원"
267,혼자드실때,"20,000원"
268,마늘빵,"3,500원"
268,우유식빵,"3,500원"
268,치즈케이크 - 미니,"6,000원"
268,크로와상,"2,500원"
270,팔팔해물탕 특대(4~5인분),"98,000원"
270,팔팔해물탕 대(3~4인분),"78,000원"
270,해물탕 중(2~3인분),"60,000원"
270,해물전골,"10,000원"
270,낙지볶음,"10,000원"
271,아메리카노 테이크아웃 ,"2,500원"
272,로얄프리미엄 (1인기준),"36,900원"
272,무한장어 (1인기준),"35,900원"
272,가족애세트메뉴A (2~3인용),"45,000원"
272,가족애세트메뉴B (3~4인용),"66,000원"
272,가족애세트메뉴C (3~4인용),"88,000원"
272,민물장어세트A (2~3인용),"54,000원"
272,민물장어세트B (3~4인용),"84,000원"
272,민물장어세트C (3~4인용),"135,000원"
273,칡 물냉면,"7,000원"
273,칡 비빔냉면,"7,000원"
273,오징어 물회냉면,"9,000원"
273,들깨수제비,"6,000원"
273,꼬마물만두,"5,000원"
275,레터링케이크 (미니),변동
275,레터링케이크 (1호),변동
275,레터링케이크 (2호),변동
275,마카롱,"1,800원"
277,한우곱창,"24,000원"
277,한우대창,"21,000원"
277,소막창,"21,000원"
277,모둠구이,"52,000원"
278,반쎄오,"15,000원"
278,보느엉,"25,000원"
278,분짜,"12,000원"
278,쌀국수,"9,000원"
278,반미,"7,500원"
279,지글지글 게살 치즈 크림 파스타,"16,000원"
279,자글자글 꼬꼬로제 파스타,"16,000원"
279,봉골레 파스타,"15,000원"
279,쉬림프 오일 파스타,"15,000원"
279,아마트리치아나,"15,000원"
279,오징어 먹물 단호박 파스타,"16,000원"
279,우(牛)왕 스테이크 파스타,"18,000원"
279,보글보글 뚝배기 파스타,"16,000원"
279,그릴드 채끝등심 스테이크,"35,000원"
279,팬프라잉 채끝등심 스테이크,"35,000원"
279,비프 찹 스테이크,"20,000원"
279,채끝등심 스테이크 크림 리조또,"23,000원"
279,연어구이 크림 리조또,"18,000원"
279,우마왕 리조또,"18,000원"
279,통통 오징어 먹물 리조또,"18,000원"
281,크림 크로플,"4,600원"
281,잠자는 딸기 곰 무스케이크,"8,500원"
281,딸기 쇼트 케이크,"6,500원"
281,무스케이크,"7,500원"
281,타르트 케이크,"6,800원"
281,딸기초코케이크,"6,500원"
282,단팥빵,"2,000원"
282,고로케,"2,500원"
282,초코범벅,"3,500원"
282,생크림/슈크림 팥빵,"3,000원"
282,맘모스빵,"7,000원"
282,맘모스주니어,"5,000원"
282,팥소보루,"3,000원"
282,완두앙금,"2,000원"
282,소프트콘,"2,000원"
282,초코파이,"2,500원"
283,사케롤 정식,변동
283,스키야키 나베정식,변동
283,마제루롤 정식,변동
283,장어덮밥 정식,"15,000원"
283,카니롤 정식,"14,000원"
283,타마고멘치카츠,"4,000원"
283,말차도후/바닐도후,"4,000원"
283,손마끼,"1,500원"
283,규롤정식,"13,000원"
284,밥도둑김밥,"4,000원"
284,샐러드김밥,"4,000원"
284,매운참치김밥,"4,000원"
284,스팸김밥,"3,500원"
284,참치김밥,"3,500원"
284,치즈김밥,"3,000원"
284,매운오뎅김밥,"3,000원"
284,야채김밥,"2,500원"
284,게살주먹밥,"2,300원"
284,참치주먹밥,"2,300원"
285,브런치 플레이트,"13,000원"
285,데일리 스프,"6,000원"
285,햄치즈 통밀 샌드위치,"7,000원"
285,아메리카노,"4,500원"
285,카페라떼,"5,000원"
285,플랫화이트,"5,000원"
286,장사장부타동,"8,500원"
286,소유에비동,"9,500원"
286,장사장 야끼규동,"9,000원"
286,장사장 돈테키동,"11,000원"
286,장사장 야끼도리동,"8,500원"
286,1파운드 매콤 야끼도리동,"12,500원"
287,부타동,"11,000원"
287,모츠스키야키,"17,000원"
287,단뽀뽀오므라이스,"11,000원"
287,아부리동,"16,000원"
287,쇼유사케동,"12,000원"
287,쇼유에비사케동,"13,000원"
287,쇼유에비동,"12,000원"
287,가츠산도,"9,000원"
287,타마고산도,"8,000원"
287,토리동,"11,000원"
287,멘치카츠,"15,000원"
288,미가정식,"28,000원"
288,할매정식,"35,000원"
288,꽃갈비살코스,"48,000원"
288,양념갈비코스,"53,000원"
288,한우등심코스,"69,000원"
288,점심특선 B,"18,000원"
288,점심특선 A,"26,000원"
288,갈비탕,"11,000원"
288,한우육회,"25,000원"
288,세트메뉴,"32,000원"
288,한우생듬심,"51,000원"
288,양념갈비,"35,000원"
288,꽃갈비살,"35,000원"
288,생갈비살,"28,000원"
288,양념갈비살,"28,000원"
289,밀크티,"6,000원"
289,크럼블,"7,000원"
289,라임모히또에이드,"6,500원"
289,후르츠티펀치,"7,000원"
289,런던치즈케이크,"7,500원"
289,아이스크림추가,"1,500원"
289,그린티바나나,"7,500원"
289,라떼아인슈페너,"6,500원"
289,빅토리아케이크,"7,500원"
290,#모다카레,"6,500원"
290,#크림카레,"7,000원"
290,#함박카레,"9,000원"
290,#모다카레+버터새우구이,"9,000원"
290,#모다카레+치킨가라아게,"9,000원"
290,#모다카레+프리미엄소세지,"8,500원"
290,#크림카레+버터새우구이,"9,500원"
290,#크림카레+치킨가라아게,"9,500원"
290,#크림카레+프리미엄소세지,"9,000원"
290,#함박카레+버터새우구이,"11,500원"
290,#함박카레+치킨가라아게,"11,500원"
290,#함박카레+프리미엄소세지,"11,000원"
290,#모다카레+돈가츠,"10,000원"
290,#모다카레+치즈카츠,"10,000원"
290,#크림카레+돈카츠,"10,500원"
291,A코스(제육+생선구이),"13,000원"
291,B코스(소불고기+생선구이),"15,000원"
291,제육쌈밥,"9,000원"
291,오징어제육,"11,000원"
291,버섯소불고기,"13,000원"
291,생삼겹살,"13,000원"
292,아메리카노,"3,500원"
292,카페라떼,"4,000원"
292,콜드브루,"4,500원"
292,카카오초콜릿라떼,"4,800원"
292,상큼발랄비타민워터,"4,800원"
292,자몽블랙티,"5,000원"
293,육회비빔라면,"8,000원"
293,육회비빔밥,"10,000원"
293,국내산 삼겹살,변동
293,육회 냉면,"8,000원"
293,한우 육회 200g,"20,000원"
294,홍콩유학식,"12,000원"
294,라임/레몬 고량주 하이볼,"7,000원"
294,영춘권-유자새우스프링롤,"6,000원"
294,그린 플레이트,"12,000원"
294,마라게티-마라파스타,"15,000원"
294,XO새우튀김,"15,000원"
294,내추럴와인,변동
294,코코넛 소고기 갈비찜,변동
294,고수진토닉,"15,000원"
295,이태리 치킨스튜 (2인),"28,000원"
295,타이 치킨스튜 (2인),"30,000원"
295,토마토갈릭 치킨스튜 (2인),"30,000원"
295,갈릭 치킨스튜 (2인),"26,000원"
296,원조백순대(2인분),"16,000원"
296,순대곱창(2인분),"16,000원"
296,곱창볶음(2인분),"18,000원"
296,볶음밥,"2,000원"
299,소한마리 모듬 (1.100g),"160,000원"
299,와규 소고기 모듬 (450g),"65,000원"
299,호르몬 모듬 (양대창 450g),"65,000원"
299,갈비살,"25,000원"
299,차돌박이,"22,000원"
299,부채살,"28,000원"
299,살치살,"39,000원"
299,꽃등심,"29,000원"
299,생등심,"26,000원"
299,눈꽃살,"39,000원"
299,간장특양,"28,000원"
299,간장대창,"26,000원"
299,미소대창,"26,000원"
299,미소곱창,"26,000원"
299,육회,"25,000원"
300,양꼬치,"11,000원"
300,왕갈비,"25,000원"
300,냉면,"5,000원"
300,마라 양꼬치,"13,000원"
300,유린기,"15,000원"
300,새우볶음밥,"7,000원"
300,마파두부,"10,000원"
301,사시미모리아와세,"30,000원"
301,청어오일파스타,"22,000원"
301,멘치가츠,"14,000원"
301,살치살 우니,"33,000원"
301,우니뇨끼,"25,000원"
301,프로슈토케이크,"18,000원"
301,고등어시메사바,"20,000원"
301,도미 카르파치오,"16,000원"
302,Carne Asada Taco,"9,000원"
302,Carnitas Taco,"9,000원"
302,Chorizo Taco,"9,000원"
302,Chicken Taco,"9,000원"
302,Shrimp Taco,"10,000원"
303,라구 ( Ragù),"29,000원"
303,뇨키 (Gnocchi di patate),"28,000원"
303,삼배체굴(ostrica),"9,000원"
303,그라브락스카르파쵸(salmon),"14,000원"
303,카치오페페 (Cacio e pepe),"23,000원"
303,보타르가 디 무기네 (Bottar ga di Muggine),"25,000원"
303,크림 리모네 (Crema di limone),"27,000원"
303,알프레도 모렐 (Alfredo morille),"35,000원"
303,트러플 (Truffe),"36,000원"
303,노르마 (Norma),"24,000원"
303,까르보나라 (Carbonara),"26,000원"
303,T본 스테이크 (T - Bone Steak)  100g(최소주문단위 700g 이상이며 매장 상황에 따라 유동적),"15,000원"
303,L본 스테이크 (L - Bone Steak)  100g(최소주문단위 700g 이상이며 매장 상황에 따라 유동적),"13,000원"
303,밀레폴리에 (Millefoglie),"10,000원"
303,깔라마리,"15,000원"
305,한우모둠구이,"37,000원"
305,술래양념정식,"32,000원"
305,왕양념갈비정식,"40,000원"
305,평일)술래정식,"23,000원"
305,평일)갈비탕정식,"15,000원"
305,한우모듬구이정식,"40,000원"
305,한우스페셜,"51,000원"
305,한우생등심,"43,000원"
305,한우 모둠구이,"37,000원"
305,왕양념갈비,"38,000원"
306,살몬스피나치 스파게티니,"16,000원"
306,피렌체식 티본스테이크,"69,000원"
306,시저샐러드,"16,000원"
306,리코타 치즈 샐러드,"15,000원"
306,카프레제 샐러드,"14,000원"
306,버섯아란치니볼,"15,000원"
306,페스카토레 파스타,"16,000원"
306,포모도로 파스타,"14,000원"
306,봉골레,"15,000원"
306,감베리페스토링귀네,"16,000원"
306,리가토니고르곤졸라크림파스타,"16,000원"
306,아라고스타페투치네,"23,000원"
306,버터통오징어 먹물 리조또,"23,000원"
306,풍기만조크림리조또,"23,000원"
306,마르게리따 피자,"15,000원"
307,크림모카,"5,500원"
307,굴뚝빵,"6,500원"
307,아메리카노,"4,000원"
307,수제청 차/에이드,"5,500원"
307,아인슈페너,"5,500원"
307,스티븐스미스티,"5,500원"
307,그레벤슈타이너 맥주,"9,000원"
308,쑥 단팥 설기케이크,"7,500원"
308,얼그레이치즈 설기케이크,"7,300원"
308,흑임자 롤떡,"6,000원"
308,단호박 쌀크럼블 설기케이크,"7,000원"
308,라즈베리 설기,"6,500원"
308,달첨식혜,"6,500원"
309,생선회 모둠 (중),"58,000원"
309,해산물 모둠 (중),"62,000원"
309,랍스터 버터구이,"36,000원"
309,완도 전복,"30,000원"
309,거제도 돌멍게,"20,000원"
309,통영 해삼,"17,000원"
309,삼천포 개불,"20,000원"
309,독도 꽃새우,"30,000원"
309,성게알,"28,000원"
309,동해 참문어 숙회,"33,000원"
309,여수 돌문어 숙회,"22,000원"
309,태안 참소라 숙회,"26,000원"
309,통영 뿔소라 숙회,"25,000원"
309,박달 대게 찜,"60,000원"
309,수산 씨푸드 샐러드,"25,000원"
311,치즈 플레이트,"14,000원"
311,와인보틀,변동
311,카프레제,"9,000원"
312,삼선 짬뽕,"8,000원"
312,외래향탕수육 ,"23,000원"
312,짜장면,"6,000원"
312,삼선 하얀짬뽕,"8,000원"
312,외래향특면,"10,000원"
312,우육탕면,"10,000원"
312,중국냉면,"12,000원"
312,볶음면,"10,000원"
312,유산슬,"30,000원"
312,팔보채,"35,000원"
312,어향동고 ,"50,000원"
312,전가복,"65,000원"
312,칠리새우,"33,000원"
312,크림새우,"33,000원"
312,유린기,"28,000원"
313,곱창구이 (2인),"50,000원"
313,곱창모듬구이,"42,000원"
313,막창구이,"50,000원"
313,염통구이,"35,000원"
313,대창구이,"44,000원"
316,계절과일수플레,"14,000원"
316,초코딸기수플레,"14,000원"
316,바닐라수플레,"11,000원"
316,얼그레이수플레,"11,000원"
316,카스테라수플레,"12,000원"
316,호떡수플레,"12,000원"
316,브라운치즈수플레,"13,000원"
316,에그베이컨수플레,"13,000원"
316,수플레오믈렛,"13,000원"
316,수플레푸딩,"6,000원"
316,초코수플레,"12,000원"
318,"조선통고기김치찌개, 찜닭, 삼겹살조림, 초콜릿육첩반상",변동
319,풍기피자,"16,000원"
319,판체타 까르보,"15,000원"
319,봉골레 파스타,"15,000원"
319,브리치즈구이,"15,000원"
319,파고피자,"16,000원"
319,와인,변동
319,푸르가토리 에그스튜,"19,000원"
319,멜란자네,"15,000원"
319,바질 부라타,"15,000원"
319,버터크림뇨끼,"16,000원"
319,라구뇨끼,"16,000원"
322,파스타,"12,000원"
322,피자,"12,000원"
322,와인,"16,000원"
322,치즈플레이트,"15,000원"
322,하몽,"15,000원"
322,프리미엄등심스테이크,"25,000원"
324,바스크치즈케이크,"5,300원"
324,크로플,"9,000원"
324,아메리카노,"4,500원"
324,라떼,"5,000원"
324,알코올,변동
325,아메리카노,"4,000원"
325,달고나라떼,"6,000원"
325,흑임자라떼,"6,000원"
325,쑥라떼,"6,000원"
325,말차라떼,"6,000원"
325,복분자에이드,"6,000원"
325,유자에이드,"6,000원"
326,냉삼겹,"11,000원"
326,삼겹삼합,"33,000원"
326,생오겹,"11,000원"
326,통삼겹,"11,000원"
326,순쫄,"5,000원"
327,곱창 2인분,"26,000원"
327,음료수,"2,000원"
327,소주,"4,000원"
327,맥주,"4,000원"
328,평일점심특선1,"30,000원"
328,설마중 주말특선1,"45,000원"
328,평일점심특선2,"25,000원"
328,설마중 한우코스,"80,000원"
328,설마중 갈비코스,"49,000원"
328,설마중 풀코스한정식,"59,000원"
328,알뜰 도시락,"19,000원"
328,한우불고기 도시락,"25,000원"
328,갈비찜 도시락,"35,000원"
328,양념갈비 도시락,"38,000원"
328,설마중 명품선물세트,"169,000원"
329,카츠8모둠,"17,000원"
329,통생선카츠,"20,000원"
329,등심카츠,"14,000원"
329,참.연.아 Bowl,"18,000원"
329,카츠8 후토마끼,"28,000원"
330,Bust Burger,"12,900원"
331,저녁코스 A,"33,000원"
331,저녁코스 B,"39,000원"
331,저녁코스 C,"60,000원"
331,광어사시미(추가메뉴),"10,000원"
331,연어사시미(추가메뉴),"10,000원"
331,참다랑어뱃살(추가메뉴),"20,000원"
331,새우튀김(추가메뉴),"20,000원"
331,도미머리(소금구이),"20,000원"
331,점심코스 A,"20,000원"
331,점심코스 B,"28,000원"
331,모듬초밥A,"25,000원"
331,모듬초밥B,"35,000원"
331,회덮밥,"20,000원"
333,롱블랙,"3,800원"
333,PLAIN BAGEL,"2,500원"
333,OTHER BAGEL,"2,800원"
333,볼케이노 베이글샌드위치,"6,800원"
333,볼케이노 피그 베이글샌드위치,"7,500원"
333,어니언럭스,"9,500원"
334,일반떡볶이,"4,000원"
334,즉석떡볶이,"3,500원"
334,라면사리,"2,500원"
334,라면+쫄면사리,"4,000원"
334,무침군만두 4개,"3,000원"
335,브런치플레이트,"13,000원"
335,시그니처스타일의 까르보나라,"14,000원"
335,시저샐러드,"9,000원"
335,스크램블에그와 오늘의 빵,"9,000원"
335,아보카도 오픈토스트,"12,000원"
335,플레인 프렌치토스트,"9,000원"
335,시그니처프렌치토스트,"13,000원"
335,고르곤졸라,"11,000원"
335,살라미피자,"13,000원"
335,마르게리타피자,"12,000원"
335,루꼴라피자,"14,000원"
335,트러플머쉬룸피자,"13,000원"
335,볼로네제,"12,000원"
335,봉골레,"12,000원"
335,과일주스,변동
337,히쯔마부시,"36,000원"
337,마루심 눈꽃 세트,"49,000원"
337,특 히쯔마부시,"45,000원"
337,미니 히쯔마부시,"21,000원"
337,특 우나동,"45,000원"
337,우나동,"36,000원"
337,마루심 무지개 세트,"48,000원"
337,장어 한마리 정식,"36,000원"
337,장어 소금 구이,"36,000원"
337,장어 소스 구이(2마리),"72,000원"
337,모듬회,"48,000원"
337,회 정식,"25,000원"
337,계란말이,"15,000원"
337,장어간,"11,000원"
338,LUNCH 코스,"43,000원"
338,단품요리,"12,000~45,000"
338,DINNER 쉐어 코스,"110,000원"
339,모던눌랑케이지,"32,000원"
339,모던눌랑 상하이롤 플래터,"32,000원"
339,크랩 타워 라이스,"19,000원"
339,민트&라임 슈림프,"36,000원"
339,상하이 핑크,"12,000원"
339,"모던눌랑 평일코스메뉴(35,000원~)","35,000원"
339,"모던눌랑 주말코스메뉴(55,000원~)","55,000원"
339,로멘틱코스,"55,000원"
340,런치 코스,"60,000원"
340,디너 코스,"120,000원"
341,치즈감자전,"23,000원"
341,마늘수육&갓김치,"25,000원"
341,모듬전,"26,000원"
341,해물파전,"21,000원"
341,감자전,"17,000원"
341,새우전,"23,000원"
341,육전&어리굴젓,"24,000원"
341,맑은 조개탕,"23,000원"
341,땡초 유부전골,"22,000원"
341,돼지고기 김치전골,"19,000원"
341,김치칼제비,"19,000원"
341,트러플 짜파게티,"6,000원"
341,낙치초무침&소면,"26,000원"
341,명전 양념꽃게장,"26,000원"
341,해물떡볶이,"19,000원"
342,디너,"178,000원"
342,런치,"88,000원"
343,2 Persons Set,"120,000원"
343,4 Persons Set,"185,000원"
343,Aranchini 3pcs,"18,000원"
343,Ricotta Salad with Kombucha Dressing,"21,000원"
343,Polpo Salad,"32,000원"
343,Puttanesca,"25,000원"
344,아메리카노,"4,500원"
344,라떼,"5,000원"
344,바닐라라떼,"5,500원"
344,부라타 샐러드,"15,000원"
344,오믈렛,"15,000원"
344,에그 배네딕트,"15,000원"
344,프렌치 토스트,"15,000원"
344,아보카도 토스트,"16,000원"
344,라구펜네 파스타,"18,000원"
345,딸기수플레,"19,000원"
346,2인 Set (Couple),"120,000원"
346,4인 Set (Familiy),"185,000원"
346,Tagliata Di Manzo (200g),"80,000원"
346,Iberico Cutlet (250g),"38,000원"
346,Lasagna,"25,000원"
346,Gorgonzola,"26,000원"
346,Scoglio,"27,000원"
346,Aranchini 3pcs,"18,000원"
346,Ricotta Salad with Kombucha Dressing,"21,000원"
348,한우 양념갈비 (250g),"53,000원"
348,울릉모둠구이(1인 200g),"100,000원"
348,평양물냉면,"13,000원"
348,울릉골동면(나물비빔면),"15,000원"
348,울릉회비빔면,"15,000원"
348,울릉 오징어 솥밥,"15,000원"
348,울릉효종갱,"17,000원"
348,울릉육해 비빔밥,"25,000원"
348,한우안심 (130g),"68,000원"
348,등심(130g),"58,000원"
348,프라임등심 (130g),"72,000원"
348,본갈비 (130g),"72,000원"
348,특수부위 (130g),"74,000원"
348,콜키지 - 1병까지 무료,변동
348,런치 코스(점심 한정),"150,000원"
349,Signature Coctail,"15,000원"
349,Cheese platter,"15,000원"
349,와인,"39,000~129,000"
349,Single Malt,"9,000~520,000"
349,Blended & Bourbon,"89,000~580,000"
349,COGNAC,"190,000~5,000,000"
349,Classic,"8,000~10,000"
349,VODKA,"69,000~180,000"
349,GIN,"89,000~200,000"
349,TEQUILA,"99,000~280,000"
349,Liqueur,"99,000~170,000"
349,Beer,"8,000~16,000"
349,Thin Pizza,"16,000원"
349,Cream Potato Gnocci,"16,000원"
349,Cod in white wine sauce,"28,000원"
350,플랫브래드,"12,000원"
350,로제파스타,"11,000원"
350,커피&티,변동
350,크림스프파스타,"12,000원"
351,아인슈페너,"5,300원"
351,초코,"5,000원"
351,말차,"5,000원"
351,흑임자,"5,000원"
351,버터카라멜,"5,500원"
351,블루베리에이드,"5,000원"
351,레몬유자에이드,"5,000원"
351,체리에이드,"5,000원"
351,비지엠 브라우니,"3,000원"
352,돈까스,"10,000원"
352,비후까스,"17,000원"
352,생선까스,"12,000원"
352,치킨까스,"10,000원"
352,히레까스,"12,000원"
353,My AmericanBreakfast,"15,800원"
353,"Hello, French","15,800원"
353,Farmers Souffle Omelette,"17,000원"
353,Eggs Benedict,"17,800원"
353,Meatball Tomato Stew,"23,800원"
353,Snowing Lemon Tree(저녁메뉴),"18,000원"
353,Wonderful Greenery Noodle,"19,800원"
354,점심 / 2020년 10월부터,"150,000원"
354,저녁 / 2020년 10월부터,"260,000원"
354,VIP 프라이빗 라이브룸 / 2020년 10월부터,"200,000~300,000"
355,호라이즌 샐러드,"17,500원"
355,햄 & 치즈 샌드위치,"18,500원"
355,에그 & 베이컨 와플,"18,000원"
355,하야시 오므라이스,"22,000원"
355,호라이즌 팥빙수,"11,000원"
355,Americano,"5,500원"
355,Dalgona Coffee,"8,000원"
355,Secret Balance,"10,000원"
355,Green Detox,"12,000원"
356,샌드위치,변동
359,Lunch,"8,000원"
359,Dinner,"10,000~14,000"
361,보타르가 & 우니 (Bottarga & Uni),"31,000원"
361,토마호크 스테이크 2인코스 (Tomahawk Steak Course for Tow),"154,000원"
361,런치 코스 (Lunch Course) 단품 +,"9,000원"
361,디너 코스 (Dinner Course) 단품 +,"25,000원"
361,시저 샐러드 (Caesar salad),"19,000원"
361,아보카도 판자넬라 (Avocado Panzanella),"21,000원"
361,까넬로니파스타 (Cannelloni Pasta),"32,000원"
361,감자뇨끼 (Potato Gnocchi),"25,000원"
361,대구 라자냐 (Cod fish Lasagna),"25,000원"
361,시금치 관자 리소토 (Spinach Scallop Risotto),"25,000원"
361,제철생선 요리 (Seasonal fish dishes),"36,000원"
361,토마호크 스테이크(700g+) (Tomahawk Steak),"118,000원"
361,양파스프 (French Onion Soup),"8,000원"
361,치즈 아란치니 (Cheese Arancini) 1piece,"4,000원"
361,엘본 스테이크 (L-bone Steak) 750g+,"129,000원"
362,런치코스,"55,000원"
362,디너코스,"130,000원"
363,콰트로 스타지오네,"23,500원"
363,콰트로 포르마지,"22,000원"
363,엑스트라 마르게리따,"22,000원"
363,카프리쵸사,"21,500원"
363,감베리,"21,000원"
363,마르게리따,"19,000원"
363,디아볼라,"19,500원"
363,콰트로 풍기,"21,000원"
363,마레 뽀모도로,"23,000원"
363,봉골레 비앙코,"18,500원"
363,감베리 에 루꼴라,"19,500원"
363,감베리 크레마,"17,500원"
363,버팔로 뽀모도로,"18,500원"
364,마르게리따 피자,"22,000원"
364,프로슈토에루꼴라 피자,"29,000원"
364,봉골레스파게티,"23,000원"
365,기름떡볶이,"15,000원"
365,닭목살구이,"14,000원"
365,스튜같은 갈비찜,"21,000원"
365,아스파라거스,"12,000원"
366,장꼬방찌개,"8,000원"
366,계란말이,"8,000원"
366,장꼬방구이,"9,000원"
366,장꼬방찌개(포장),"7,000원"
366,계란말이포장),"8,000원"
367,사천식해물특밥,"9,000원"
367,탕수육(소),"18,000원"
367,간짜장,"7,000원"
367,삼선(통낙지)짬뽕,"9,000원"
367,삼선볶음밥,"8,000원"
367,잡탕밥,"15,000원"
367,깐풍기,"22,000원"
367,유산슬,"28,000원"
367,어향동고,"37,000원"
367,오향장우육,"38,000원"
367,유린기,"22,000원"
367,전가복,"55,000원"
369,플레인 피낭시에,"2,500원"
369,코코넛피낭시에,"2,700원"
369,무화과피낭시에,"2,700원"
369,쑥크럼블 피낭시에,"2,700원"
369,발로나 초코 피낭시에,"2,700원"
369,카라멜 피칸 피낭시에,"2,700원"
369,아메리카노,"3,500원"
369,로얄 블랜드 TEA,"4,000원"
370,찜갈비,"35,000원"
370,와사비보쌈,"27,000원"
370,"게,새 튀김","16,000원"
370,커리크림계란말이,"16,000원"
370,감자전,"17,000원"
370,점심-알밥,"8,000원"
370,점심-제육덮밥,"8,000원"
370,점심-마파두부밥,"8,000원"
370,점심-장칼국수,"8,000원"
370,점심-연어덮밥,"9,000원"
371,착한 삼겹살,"15,000원"
371,대통령상 목살,"15,000원"
371,1+ 특고기,"13,000원"
371,생 덜미살,"13,000원"
371,갈매기살,"16,000원"
371,친환경 가브리살,"16,000원"
371,관자와 묵은지,"11,000원"
371,묵은지 육회 국수,"10,000원"
373,갯벌장어,"75,000원"
373,송강정식,"16,000원"
373,복요리,"12,000원"
373,찜정식,"35,000원"
373,특정식,"70,000원"
373,복사시미코스,"180,000원"
373,복튀김,"45,000원"
374,사케동 플러스,"13,000원"
374,스페셜방배텐동,"15,000원"
374,훈감텐동(튀김덮밥),"10,000원"
374,사케동(연어회덮밥),"9,000원"
374,오늘의텐동,"13,000원"
374,사케우니동,"17,000원"
376,화이트 할라피뇨,"33,000원"
376,피그 앤 올리브,"34,000원"
376,치즈,"33,000원"
376,소시지와 버섯,"33,000원"
376,페퍼로니,"32,000원"
376,이탈리안밤,"35,000원"
376,표고 & 블루치즈,"35,000원"
376,카붐,"35,000원"
377,런치 스시코스,"50,000원"
377,런치 스페셜코스,"60,000원"
377,런치 사시미코스,"70,000원"
377,런치 오마카세,"75,000원"
377,디너 스시코스,"110,000원"
377,디너 사시미코스,"140,000원"
377,디너 스시오마카세,"140,000원"
377,디너 룸오마카세,"125,000원"
378,아메리카노,"5,000원"
378,무화과 폼라떼,"6,000원"
378,더치 체리,"6,000원"
378,초코케익그람,"5,700원"
378,레몬치즈 케익그람,"5,700원"
378,딸기 케익그람,"5,700원"
378,티라미수 케익그람,"5,700원"
378,플루토,"8,000원"
379,Aperol Spritz | 아페롤 스프리츠,"18,000원"
379,Negroni | 네그로니,"22,000원"
380,스테이크덮밥정식,"12,000원"
380,장정정 한판 플래터,"33,000원"
380,숯불고기덮밥정식,"9,000원"
380,칠리새우덮밥정식,"10,000원"
380,갈비통새우완탕면정식,"9,000원"
380,장정정 큰판 플래터,"44,000원"
380,크림치즈 새우퐁듀,"22,000원"
380,숯불모듬꼬치,"18,000원"
380,쿠시카츠(꼬치튀김),"18,000원"
380,코다와리 오뎅탕,"20,000원"
380,메로구이,"21,000원"
380,연어 사시미,"24,000원"
380,돼지고기 숙주볶음,"12,000원"
380,간장새우 10마리,"15,000원"
380,시샤모구이 5마리,"8,000원"
383,구들차림상,"59,000원"
383,회,"18,000원"
383,삼합육회,"21,000원"
383,곶감치즈말이,"14,000원"
383,가리비관자전,"19,000원"
383,전복전,"20,000원"
385,관서식 스키야키,"19,000원"
385,해신탕,"65,000~99,000"
385,관동식 스키야키,"15,000원"
385,한우육회 텐동,"15,000원"
385,장어구이 텐동,"18,000원"
385,해물 뚝배기,"20,000원"
386,가츠덮밥,"10,000원"
386,새우튀김덮밥,"11,000원"
386,믹스덮밥,"12,000원"
386,야키니쿠동,"13,000원"
386,생연어덮밥,"13,000원"
386,김치치즈가츠덮밥,"12,000원"
386,김치돈가츠나베,"12,000원"
386,안심가츠정식,"13,000원"
386,치즈가츠정식,"12,500원"
386,소고기치즈가츠정식,"14,000원"
386,알쌈리조또,"14,000원"
386,명란바질오일파스타,"15,000원"
386,차돌중화크림파스타,"18,000원"
386,살치살크림파스타,"16,000원"
386,리코타치즈샐러드,"10,000원"
387,부라타 샐러드,"16,000원"
387,랜치 샐러드,"19,000원"
387,"구운 아스파라거스와 수란, 프레슈토","23,000원"
387,오늘의 스프,"9,000원"
387,연어 오픈 샌드위치,"9,000원"
387,파스트라미 오픈 샌드위치,"12,000원"
387,토마토 & 부라타 빠뜨필로,"19,000원"
387,브런치 플레터,"14,000원"
387,케이퍼 오일 한치 파스타,"23,000원"
387,볼로네제,"19,000원"
387,로스티드 허브치킨,"29,000원"
389,런치 클래식 (4 or 5코스),"72,000원"
389,디너 트래디션 (4코스),"84,000원"
389,런치 3코스,"45,000원"
389,디너 트래디션 (3코스),"69,000원"
391,런치 슈하스코 (9종 무한제공),"43,000원"
391,디너 슈하스코 (15종 무한제공),"58,000원"
392,울랄라하우스 멤버쉽,변동
393,2인세트,"86,000원"
393,4인세트,"170,000원"
393,한우 1++ 꽃등심,"59,000원"
393,한우 1++ 안심,"63,000원"
393,한우 1++ 살치살,"66,000원"
393,한우 1++ 토시살,"66,000원"
393,한우 1++ 새우살,"66,000원"
393,한우 1++ 생차돌박이,"45,000원"
393,한우 로스편채,"62,000원"
393,육회,"38,000원"
393,제주 갈치구이(2인),"48,000원"
393,장지녕 간장게장,"37,000원"
393,양념 꽃게장,"25,000원"
393,궁중 찜갈비,"25,000원"
393,양념 찜갈비,"25,000원"
394,Lunch,"78,000~185,000"
394,Dinner,"155,000~230,000"
394,Vegetarian Menu,"98,000~155,000"
395,베이글,변동
396,아메리카노,"4,300원"
396,더티초코,"4,700원"
396,에스프레소,"3,500원"
396,플랫화이트,"4,800원"
396,바닐라더블,"5,200원"
396,그린티더블,"5,200원"
396,아우어에어,"5,500원"
396,차이라떼,"4,800원"
396,모카,"4,800원"
396,얼그레이라떼,"4,800원"
396,로얄밀크티,"5,300원"
396,빨미까레,"3,900원"
396,잡곡크림빵,"4,200원"
396,단팥 슈크림,"3,700원"
396,버터 프레첼,"3,900원"
397,김부각 네기도로 타르타르,변동
